bolum;madde;gozlem;soru;dogru;yanlis1;yanlis2;yanlis3;deney;sonuc;kaynak
1;Sofra tuzu;Beyaz, küp biçimli kristallerden oluşan, suda kolayca çözünen ve tuzlu tadı olan bir katı.;Sofra tuzu hangi elementlerden oluşur?;Sodyum ve klor;Kalsiyum ve karbon;Potasyum ve oksijen;Magnezyum ve kükürt;Bir tutam tuz alevin üzerine serpildiğinde alev parlak sarı-turuncu renk alır. Alev testinde bu renk sodyumun işaretidir.;Sofra tuzu sodyum klorürdür (NaCl). Sodyum suyla şiddetli tepkime veren yumuşak bir metal, klor ise zehirli, sarı-yeşil bir gazdır. Bu iki element birleşince bambaşka özellikte, yenebilen bir bileşik oluşur.;https://www.rsc.org/periodic-table/element/11/sodium
1;Kemik;Kemiklerimiz sert ve dayanıklıdır. Süt ve süt ürünleri kemik sağlığı için önerilir.;Kemiklere sertlik veren mineralde en çok bulunan metal element hangisidir?;Kalsiyum;Sodyum;Potasyum;Lityum;Bir tavuk kemiği birkaç gün sirkede bekletilince lastik gibi bükülebilir hâle gelir. Sirkedeki asit, kemikteki kalsiyumlu minerali çözmüştür.;Kemiğin sertliği, kalsiyum ve fosfat içeren bir mineralden (hidroksiapatit) gelir. Bu mineral çözülünce geriye esnek kısım (kolajen) kalır ve kemik bükülebilir.;https://www.rsc.org/periodic-table/element/20/calcium
1;;;;;;;;;;
1;;;;;;;;;;
1;;;;;;;;;;
2;;;;;;;;;;
2;;;;;;;;;;
2;;;;;;;;;;
2;;;;;;;;;;
2;;;;;;;;;;
3;;;;;;;;;;
3;;;;;;;;;;
3;;;;;;;;;;
3;;;;;;;;;;
3;;;;;;;;;;
4;;;;;;;;;;
4;;;;;;;;;;
4;;;;;;;;;;
4;;;;;;;;;;
4;;;;;;;;;;
5;;;;;;;;;;
5;;;;;;;;;;
5;;;;;;;;;;
5;;;;;;;;;;
5;;;;;;;;;;
6;;;;;;;;;;
6;;;;;;;;;;
6;;;;;;;;;;
6;;;;;;;;;;
6;;;;;;;;;;
