id;seviye;sira;baslik;giris;cevap;final;ornek;kaynakca
D01;1;1;Gizemli Metal;Eski bir binanın elektrik tesisatından çıkarılan bir tel parçası birimimize getirildi. Telin etiketi silinmiş, yüzeyi kirli. Analiz cihazı arızalı olduğu için yalnızca kısmi bir rapor verebildi. Görevin: kanıtları inceleyerek telin hangi elementten yapıldığını bulmak ve bu sonuca nasıl ulaştığını kanıtlarla savunmak.;Cu;;evet;"Royal Society of Chemistry, Periyodik Tablo: Bakır — https://periodic-table.rsc.org/element/29/copper | Royal Society of Chemistry, Periyodik Tablo: Nikel — https://periodic-table.rsc.org/element/28/nickel | Royal Society of Chemistry, Periyodik Tablo: Kobalt — https://periodic-table.rsc.org/element/27/cobalt | Royal Society of Chemistry, Periyodik Tablo: Demir, Alüminyum, Gümüş — https://periodic-table.rsc.org | Elektrik iletkenliği değerleri (20 °C): Serway, R. A., Principles of Physics; aktaran: https://en.wikipedia.org/wiki/Electrical_resistivity_and_conductivity"
D02;1;2;Uçan Balon Vakası;Bir doğum günü partisinden sonra tavana yapışıp kalan balonlardan biri birimimize getirildi. Balon üç gündür havada duruyor. Parti şirketi balonları hangi gazla doldurduğunu söylemiyor, yalnızca 'tamamen güvenli' olduğunu iddia ediyor. Görevin: balondaki gazın hangi element olduğunu kanıtlarla bulmak.;He;;;Royal Society of Chemistry, Periyodik Tablo: Helyum — https://periodic-table.rsc.org/element/2/helium | Royal Society of Chemistry, Periyodik Tablo: Hidrojen — https://periodic-table.rsc.org/element/1/hydrogen | Royal Society of Chemistry, Periyodik Tablo: Neon — https://periodic-table.rsc.org/element/10/neon | Royal Society of Chemistry, Periyodik Tablo: Argon — https://periodic-table.rsc.org/element/18/argon | Havanın yoğunluğu: 20 °C ve deniz seviyesinde yaklaşık değer
D03;1;3;Kutu, Folyo ve Uçak;Bir içecek kutusu, bir parça mutfak folyosu ve bir uçak modelinin gövde parçası aynı laboratuvar masasında. Tedarikçi üçünün de 'aynı metalden' yapıldığını söylüyor. Görevin: bu metalin hangi element olduğunu ve neden bu kadar farklı yerlerde kullanıldığını bulmak.;Al;;;"Royal Society of Chemistry, Periyodik Tablo: Alüminyum — https://periodic-table.rsc.org/element/13/aluminium | Royal Society of Chemistry, Periyodik Tablo: Magnezyum — https://periodic-table.rsc.org/element/12/magnesium | Royal Society of Chemistry, Periyodik Tablo: Titanyum — https://periodic-table.rsc.org/element/22/titanium | Royal Society of Chemistry, Periyodik Tablo: Demir — https://periodic-table.rsc.org/element/26/iron | Royal Society of Chemistry, Periyodik Tablo: Bakır — https://periodic-table.rsc.org/element/29/copper | Elektrik iletkenliği değerleri (20 °C): Serway, R. A., Principles of Physics; aktaran: https://en.wikipedia.org/wiki/Electrical_resistivity_and_conductivity"
D04;1;4;Kurşun Kalem Vakası;Bir öğrenci endişeli: 'Kurşun kalem kullanmak tehlikeli mi? Adı üstünde, içinde kurşun var!' Birim, bir kalemin ucunu laboratuvara gönderdi. Görevin: uçtaki siyah maddenin hangi element olduğunu kanıtlarla bulmak ve öğrencinin endişesinin yerinde olup olmadığına karar vermek.;C;;;Royal Society of Chemistry, Periyodik Tablo: Karbon — https://periodic-table.rsc.org/element/6/carbon | Royal Society of Chemistry, Periyodik Tablo: Kurşun — https://periodic-table.rsc.org/element/82/lead
D05;1;5;Kırık Termometre;Eski bir okul laboratuvarının dolabında kırık bir termometre bulundu. Cam parçalarının arasında gümüş renkli, yuvarlak damlacıklar var. Hademe damlacıkları süpürmek üzereyken birim olaya el koydu. Görevin: damlacıkların hangi element olduğunu bulmak ve neden dikkatli olunması gerektiğini açıklamak.;Hg;;;Royal Society of Chemistry, Periyodik Tablo: Cıva — https://periodic-table.rsc.org/element/80/mercury | Royal Society of Chemistry, Periyodik Tablo: Galyum — https://periodic-table.rsc.org/element/31/gallium | Royal Society of Chemistry, Periyodik Tablo: Sezyum — https://periodic-table.rsc.org/element/55/caesium | Royal Society of Chemistry, Periyodik Tablo: Rubidyum — https://periodic-table.rsc.org/element/37/rubidium | Royal Society of Chemistry, Periyodik Tablo: Sodyum — https://periodic-table.rsc.org/element/11/sodium
D06;2;1;Yırtık Diş Macunu Etiketi;"Bir diş macunu tüpünün etiketi yırtılmış; yalnızca '...ür içerir' yazısı okunabiliyor. Üretici, macundaki etken maddenin bir elementin iyonu olduğunu söylüyor. Birimin elinde bu elementle ilgili bir laboratuvar dosyası var. Görevin: elementi bulmak ve macunda neden saf hâlde değil de bileşik olarak bulunduğunu açıklamak.";F;;;Royal Society of Chemistry, Periyodik Tablo: Flor — https://periodic-table.rsc.org/element/9/fluorine | Royal Society of Chemistry, Periyodik Tablo: Klor — https://periodic-table.rsc.org/element/17/chlorine | Royal Society of Chemistry, Periyodik Tablo: Brom — https://periodic-table.rsc.org/element/35/bromine | Royal Society of Chemistry, Periyodik Tablo: İyot — https://periodic-table.rsc.org/element/53/iodine
D07;2;2;Havai Fişek Gecesi;Bir kutlamada atılan havai fişeklerden biri gökyüzünde parlak kızıl bir ışık saçtı. Patlamayan bir fişeğin içindeki tuz birime getirildi. Görevin: kızıl rengi veren metali bulmak.;Sr;;;Royal Society of Chemistry, Periyodik Tablo: Stronsiyum — https://periodic-table.rsc.org/element/38/strontium | Royal Society of Chemistry, Periyodik Tablo: Lityum — https://periodic-table.rsc.org/element/3/lithium | Royal Society of Chemistry, Periyodik Tablo: Kalsiyum — https://periodic-table.rsc.org/element/20/calcium | Royal Society of Chemistry, Periyodik Tablo: Baryum — https://periodic-table.rsc.org/element/56/barium | Royal Society of Chemistry, Periyodik Tablo: Rubidyum — https://periodic-table.rsc.org/element/37/rubidium
D08;2;3;Kemik ve Alçı;"Kolu kırılan bir öğrencinin röntgeninde kemikler beyaz görünüyor; kolu alçıya alınmış. Doktor 'kemiğinin ve alçının ortak bir elementi var' diyor. Görevin: bu elementi bulmak.";Ca;;;Royal Society of Chemistry, Periyodik Tablo: Kalsiyum — https://periodic-table.rsc.org/element/20/calcium | Royal Society of Chemistry, Periyodik Tablo: Berilyum — https://periodic-table.rsc.org/element/4/beryllium | Royal Society of Chemistry, Periyodik Tablo: Magnezyum — https://periodic-table.rsc.org/element/12/magnesium | Royal Society of Chemistry, Periyodik Tablo: Stronsiyum — https://periodic-table.rsc.org/element/38/strontium | Royal Society of Chemistry, Periyodik Tablo: Baryum — https://periodic-table.rsc.org/element/56/barium | Royal Society of Chemistry, Periyodik Tablo: Radyum — https://periodic-table.rsc.org/element/88/radium
D09;2;4;Şişen Batarya;"Bir öğrencinin eski telefonunun bataryası şişmiş. Bataryanın etiketinde '...-iyon' yazıyor; ilk kelime silinmiş. Birim, bataryadaki elementi araştırıyor. Uyarı: şişmiş bataryalar delinmemeli, ezilmemeli ve ısıtılmamalıdır.";Li;;;Royal Society of Chemistry, Periyodik Tablo: Lityum — https://periodic-table.rsc.org/element/3/lithium | Royal Society of Chemistry, Periyodik Tablo: Sodyum — https://periodic-table.rsc.org/element/11/sodium | Royal Society of Chemistry, Periyodik Tablo: Potasyum — https://periodic-table.rsc.org/element/19/potassium | Royal Society of Chemistry, Periyodik Tablo: Rubidyum — https://periodic-table.rsc.org/element/37/rubidium | Royal Society of Chemistry, Periyodik Tablo: Sezyum — https://periodic-table.rsc.org/element/55/caesium | Royal Society of Chemistry, Periyodik Tablo: Stronsiyum — https://periodic-table.rsc.org/element/38/strontium
D10;2;5;Cips Paketinin Sırrı;Bir cips paketi açıldığında içinin yarısının boş olduğu görüldü. Bir tüketici 'Bize hava satıyorlar!' diye şikâyet etti. Üretici paketteki gazın 'hava değil' olduğunu söylüyor. Görevin: gazın hangi element olduğunu ve neden kullanıldığını bulmak.;N;;;Royal Society of Chemistry, Periyodik Tablo: Azot — https://periodic-table.rsc.org/element/7/nitrogen | Royal Society of Chemistry, Periyodik Tablo: Oksijen — https://periodic-table.rsc.org/element/8/oxygen | Royal Society of Chemistry, Periyodik Tablo: Argon — https://periodic-table.rsc.org/element/18/argon | Royal Society of Chemistry, Periyodik Tablo: Helyum — https://periodic-table.rsc.org/element/2/helium | Karbondioksitin yoğunluğu ve havanın bileşimi: yaklaşık standart değerler
D11;3;1;Havadaki Gizli Gaz;Yıl 1894. Lord Rayleigh, havadan elde ettiği 'azotun', amonyaktan elde ettiği azottan biraz daha ağır olduğunu fark ediyor. Fark çok küçük, ama ölçümler her seferinde aynı sonucu veriyor. Birim, Rayleigh'nin deneyini kendi laboratuvarında yineledi ve sonuçları sana verdi. Görevin: bu farkın nedenini kanıtlarla bulmak.;Ar;;;"Royal Society of Chemistry, Periyodik Tablo: Argon — https://periodic-table.rsc.org/element/18/argon | Royal Society of Chemistry, Periyodik Tablo: Azot — https://periodic-table.rsc.org/element/7/nitrogen | Royal Society of Chemistry, Periyodik Tablo: Helyum — https://periodic-table.rsc.org/element/2/helium | Ölçüm tablosu: birimin yinelediği deney; değerler azot ve argonun bilinen yoğunluklarıyla (0 °C, 1 atm) uyumludur"
D12;3;2;Sahte Altın;Bir kuyumcuya üç parça getirildi: A) parlak sarı bir taş parçası, B) sarı bir külçe, C) sarı bir madalyon. Satıcı üçünün de saf altın olduğunu söylüyor. Kuyumcu şüphelenip parçaları birime gönderdi. Görevin: hangisinin gerçekten altın olduğuna kanıtlarla karar vermek. Dikkat: bu dosyada bazı kanıtlar yanıltıcı olabilir.;Au;;;Royal Society of Chemistry, Periyodik Tablo: Altın — https://periodic-table.rsc.org/element/79/gold | Royal Society of Chemistry, Periyodik Tablo: Tungsten — https://periodic-table.rsc.org/element/74/tungsten | Pirit ve altını ayırma (yoğunluk, çizgi rengi, kırılganlık): geology.com — https://geology.com/gold/fools-gold/ | Pirinç (bakır-çinko alaşımı) yoğunluğu: yaklaşık değer
D13;3;3;Paslanan Köprü;"Bir köprünün metal korkuluklarında pas lekeleri görüldü. Belediye 'Pas yağmurdan oluşur; tek neden sudur' diyor. Birim, paslanmanın gerçek nedenini kontrollü bir deneyle araştırıyor. Görevin: korkulukların metalini kanıtlamak ve deneyi yorumlamak.";Fe;;;Royal Society of Chemistry, Periyodik Tablo: Demir — https://periodic-table.rsc.org/element/26/iron | Royal Society of Chemistry, Periyodik Tablo: Kobalt — https://periodic-table.rsc.org/element/27/cobalt | Royal Society of Chemistry, Periyodik Tablo: Nikel — https://periodic-table.rsc.org/element/28/nickel
D14;3;4;Havuzdaki Koku;Kapalı bir yüzme havuzunda öğrenciler gözlerinin yandığından ve havadaki keskin 'havuz kokusundan' şikâyet ediyor. Yönetici 'Demek ki suya çok fazla dezenfektan koymuşuz, azaltalım' diyor. Görevin: dezenfektandaki elementi bulmak ve yöneticinin çıkarımını kanıtlarla değerlendirmek.;Cl;;;Royal Society of Chemistry, Periyodik Tablo: Klor — https://periodic-table.rsc.org/element/17/chlorine | ABD Hastalık Kontrol ve Önleme Merkezleri (CDC), havuzlarda göz tahrişi ve kloraminler — https://www.cdc.gov/healthy-swimming/prevention/preventing-eye-irritation-from-pool-chemicals.html
D15;3;5;Tavandaki Küçük Kutu;Bir evin tavanındaki duman dedektörünün içinde küçük bir etiket var: 'Radyoaktif madde içerir.' Ev sahibi panik içinde birimi aradı: 'Evimde radyoaktif madde mi var? Bu uranyum mu, plütonyum mu?' Görevin: dedektördeki elementi kanıtlarla bulmak ve tehlikenin gerçek boyutunu bilimsel olarak değerlendirmek.;Am;;;Royal Society of Chemistry, Periyodik Tablo: Amerikyum — https://periodic-table.rsc.org/element/95/americium | Royal Society of Chemistry, Periyodik Tablo: Plütonyum — https://periodic-table.rsc.org/element/94/plutonium | Royal Society of Chemistry, Periyodik Tablo: Küriyum — https://periodic-table.rsc.org/element/96/curium | ABD Çevre Koruma Ajansı (EPA), iyonlaşmalı duman dedektörlerinde amerikyum — https://www.epa.gov/radtown/americium-ionization-smoke-detectors | İzotopların yarı ömürleri: yaklaşık standart değerler
D16;4;1;Dokunmatik Ekranın Görünmez Teli;Bir telefon ekranının cam katmanında gözle görülmeyen ama elektriği ileten çok ince bir kaplama var. Kaplamadaki metalin adı üretici belgesinde silinmiş. Görevin: metali bulmak ve jüriye savunmak. Bu dosyada hazır seçenek yok.;In;;;Royal Society of Chemistry, Periyodik Tablo: İndiyum — https://periodic-table.rsc.org/element/49/indium | Royal Society of Chemistry, Periyodik Tablo: Alüminyum — https://periodic-table.rsc.org/element/13/aluminium | Royal Society of Chemistry, Periyodik Tablo: Galyum — https://periodic-table.rsc.org/element/31/gallium | Royal Society of Chemistry, Periyodik Tablo: Talyum — https://periodic-table.rsc.org/element/81/thallium
D17;4;2;Kalça Protezi;"Bir ortopedi kliniği, kalça protezinde kullanılan metalin hangi element olduğunu ve neden seçildiğini öğrencilere anlatmak istiyor. Birim, protezden alınan bir örnek üzerinde ölçümler yaptı. Hazır seçenek yok; kanıtları sen değerlendireceksin.";Ti;;;Royal Society of Chemistry, Periyodik Tablo: Titanyum — https://periodic-table.rsc.org/element/22/titanium | Royal Society of Chemistry, Periyodik Tablo: Alüminyum — https://periodic-table.rsc.org/element/13/aluminium | Royal Society of Chemistry, Periyodik Tablo: Demir — https://periodic-table.rsc.org/element/26/iron | Royal Society of Chemistry, Periyodik Tablo: Nikel — https://periodic-table.rsc.org/element/28/nickel | Royal Society of Chemistry, Periyodik Tablo: Bakır — https://periodic-table.rsc.org/element/29/copper
D18;4;3;Kararan Kaşık;Bir müzeye bağışlanan eski bir kaşık ve bir ayna zamanla kararmış. Müze, ikisinin de aynı değerli metali içerdiğini düşünüyor. Görevin: metali bulmak ve kararmanın nedenini jüriye açıklamak. Hazır seçenek yok.;Ag;;;Royal Society of Chemistry, Periyodik Tablo: Gümüş — https://periodic-table.rsc.org/element/47/silver | Royal Society of Chemistry, Periyodik Tablo: Bakır — https://periodic-table.rsc.org/element/29/copper | Royal Society of Chemistry, Periyodik Tablo: Altın — https://periodic-table.rsc.org/element/79/gold
D19;4;4;Ampulün Kalbi;Eski bir akkor ampulün içindeki ince ve kıvrık tel, çalışırken 2000 °C'nin çok üzerinde ısındığı hâlde erimiyordu. Birim tel üzerinde ölçümler yaptı. Görevin: telin metalini bulmak ve sembolünün neden adına benzemediğini açıklamak. Hazır seçenek yok.;W;;;Royal Society of Chemistry, Periyodik Tablo: Tungsten — https://periodic-table.rsc.org/element/74/tungsten | Royal Society of Chemistry, Periyodik Tablo: Renyum — https://periodic-table.rsc.org/element/75/rhenium | Royal Society of Chemistry, Periyodik Tablo: Tantal — https://periodic-table.rsc.org/element/73/tantalum | Royal Society of Chemistry, Periyodik Tablo: Molibden — https://periodic-table.rsc.org/element/42/molybdenum | Royal Society of Chemistry, Periyodik Tablo: Altın — https://periodic-table.rsc.org/element/79/gold
D20;4;5;Bilimsel Jüri: Yağdaki Metal;"Final dosyası. Bir okul laboratuvarının dolabında, içi gazyağı dolu bir şişede saklanan gümüşi parçalar bulundu. Etiket yok. Laboratuvar sorumlusu emekli olmuş; geriye yalnızca eski bir deney defteri kalmış. Bilimsel jüri senden bu elementi kanıtlarla belirlemeni ve savunmanı istiyor. Bu dosyada hazır seçenek yok.";Na;evet;;Royal Society of Chemistry, Periyodik Tablo: Sodyum — https://periodic-table.rsc.org/element/11/sodium | Royal Society of Chemistry, Periyodik Tablo: Lityum — https://periodic-table.rsc.org/element/3/lithium | Royal Society of Chemistry, Periyodik Tablo: Potasyum — https://periodic-table.rsc.org/element/19/potassium | Royal Society of Chemistry, Periyodik Tablo: Rubidyum — https://periodic-table.rsc.org/element/37/rubidium | Royal Society of Chemistry, Periyodik Tablo: Sezyum — https://periodic-table.rsc.org/element/55/caesium
