no;sembol;ad;kullanim;ozellik;neden;celdirici1;celdirici2;celdirici3;isim_koken;kaynak
1;H;Hidrojen;;;;;;;;
2;He;Helyum;Uçan balonlar ve zeplinler;Havadan hafiftir ve yanmaz;Havadan hafif olduğu için balonu yukarı taşır. Yanmadığı için, eskiden kullanılan ve kolayca yanan hidrojenden çok daha güvenlidir.;Elektriği çok iyi iletir;Suyla şiddetli tepkime verir;Çok yoğun ve ağırdır;Adı, Yunanca 'Güneş' anlamına gelen 'helios' kelimesinden gelir. 1868'de Güneş ışığı incelenirken fark edilmiş, Dünya'da ancak yıllar sonra bulunmuştur.;https://www.rsc.org/periodic-table/element/2/helium
3;Li;Lityum;;;;;;;;
4;Be;Berilyum;;;;;;;;
5;B;Bor;;;;;;;;
6;C;Karbon;;;;;;;;
7;N;Azot;;;;;;;;
8;O;Oksijen;;;;;;;;
9;F;Flor;;;;;;;;
10;Ne;Neon;Işıklı reklam tabelaları;İçinden elektrik geçince parlak kırmızı-turuncu ışık verir;Tüpteki gazdan elektrik geçirildiğinde atomlar enerji kazanır, sonra bu enerjiyi kendine özgü kırmızı-turuncu ışık olarak geri verir. Bu yüzden uzaktan görülen ışıklı tabelalarda kullanılır.;Mıknatısa güçlü şekilde çekilir;Havadaki oksijenle hızla yanar;Oda sıcaklığında sert bir katıdır;Adı, Yunanca 'yeni' anlamına gelen 'neos' kelimesinden gelir. 1898'de sıvılaştırılmış havanın bileşenlerine ayrılmasıyla bulunan yeni bir gazdır.;https://www.rsc.org/periodic-table/element/10/neon
11;Na;Sodyum;;;;;;;;
12;Mg;Magnezyum;;;;;;;;
13;Al;Alüminyum;;;;;;;;
14;Si;Silisyum;Bilgisayar ve telefon çipleri;Yarı iletkendir;Elektriği metaller kadar iyi iletmez ama yalıtkan da değildir. İçine çok az miktarda başka element katılarak iletkenliği ayarlanabilir. Çiplerdeki milyarlarca küçük anahtar (transistör) bu özellik sayesinde çalışır.;Oda sıcaklığında gazdır;Suyla patlayarak tepkime verir;Çok yumuşaktır, bıçakla kesilebilir;Adı, Latince 'çakmaktaşı' anlamına gelen 'silex' kelimesinden gelir. Çakmaktaşı bu elementi içeren bir taştır.;https://www.rsc.org/periodic-table/element/14/silicon
15;P;Fosfor;;;;;;;;
16;S;Kükürt;;;;;;;;
17;Cl;Klor;;;;;;;;
18;Ar;Argon;;;;;;;;
19;K;Potasyum;;;;;;;;
20;Ca;Kalsiyum;;;;;;;;
21;Sc;Skandiyum;;;;;;;;
22;Ti;Titanyum;;;;;;;;
23;V;Vanadyum;;;;;;;;
24;Cr;Krom;;;;;;;;
25;Mn;Mangan;;;;;;;;
26;Fe;Demir;;;;;;;;
27;Co;Kobalt;;;;;;;;
28;Ni;Nikel;;;;;;;;
29;Cu;Bakır;;;;;;;;
30;Zn;Çinko;;;;;;;;
31;Ga;Galyum;;;;;;;;
32;Ge;Germanyum;;;;;;;;
33;As;Arsenik;;;;;;;;
34;Se;Selenyum;;;;;;;;
35;Br;Brom;;;;;;;;
36;Kr;Kripton;;;;;;;;
37;Rb;Rubidyum;;;;;;;;
38;Sr;Stronsiyum;;;;;;;;
39;Y;İtriyum;;;;;;;;
40;Zr;Zirkonyum;;;;;;;;
41;Nb;Niyobyum;;;;;;;;
42;Mo;Molibden;;;;;;;;
43;Tc;Teknesyum;;;;;;;;
44;Ru;Rutenyum;;;;;;;;
45;Rh;Rodyum;;;;;;;;
46;Pd;Paladyum;;;;;;;;
47;Ag;Gümüş;;;;;;;;
48;Cd;Kadmiyum;;;;;;;;
49;In;İndiyum;;;;;;;;
50;Sn;Kalay;;;;;;;;
51;Sb;Antimon;;;;;;;;
52;Te;Tellür;;;;;;;;
53;I;İyot;;;;;;;;
54;Xe;Ksenon;;;;;;;;
55;Cs;Sezyum;;;;;;;;
56;Ba;Baryum;;;;;;;;
57;La;Lantan;;;;;;;;
58;Ce;Seryum;;;;;;;;
59;Pr;Praseodim;;;;;;;;
60;Nd;Neodim;;;;;;;;
61;Pm;Prometyum;;;;;;;;
62;Sm;Samaryum;;;;;;;;
63;Eu;Evropiyum;;;;;;;;
64;Gd;Gadolinyum;;;;;;;;
65;Tb;Terbiyum;;;;;;;;
66;Dy;Disprosiyum;;;;;;;;
67;Ho;Holmiyum;;;;;;;;
68;Er;Erbiyum;;;;;;;;
69;Tm;Tulyum;;;;;;;;
70;Yb;İterbiyum;;;;;;;;
71;Lu;Lutesyum;;;;;;;;
72;Hf;Hafniyum;;;;;;;;
73;Ta;Tantal;;;;;;;;
74;W;Tungsten;;;;;;;;
75;Re;Renyum;;;;;;;;
76;Os;Osmiyum;;;;;;;;
77;Ir;İridyum;;;;;;;;
78;Pt;Platin;;;;;;;;
79;Au;Altın;;;;;;;;
80;Hg;Cıva;;;;;;;;
81;Tl;Talyum;;;;;;;;
82;Pb;Kurşun;;;;;;;;
83;Bi;Bizmut;;;;;;;;
84;Po;Polonyum;;;;;;;;
85;At;Astatin;;;;;;;;
86;Rn;Radon;;;;;;;;
87;Fr;Fransiyum;;;;;;;;
88;Ra;Radyum;;;;;;;;
89;Ac;Aktinyum;;;;;;;;
90;Th;Toryum;;;;;;;;
91;Pa;Protaktinyum;;;;;;;;
92;U;Uranyum;;;;;;;;
93;Np;Neptünyum;;;;;;;;
94;Pu;Plütonyum;;;;;;;;
95;Am;Amerikyum;;;;;;;;
96;Cm;Küriyum;;;;;;;;
97;Bk;Berkelyum;;;;;;;;
98;Cf;Kaliforniyum;;;;;;;;
99;Es;Aynştaynyum;;;;;;;;
100;Fm;Fermiyum;;;;;;;;
101;Md;Mendelevyum;;;;;;;;
102;No;Nobelyum;;;;;;;;
103;Lr;Lavrensiyum;;;;;;;;
104;Rf;Rutherfordiyum;;;;;;;;
105;Db;Dubniyum;;;;;;;;
106;Sg;Seaborgiyum;;;;;;;;
107;Bh;Bohriyum;;;;;;;;
108;Hs;Hassiyum;;;;;;;;
109;Mt;Meitneriyum;;;;;;;;
110;Ds;Darmstadtiyum;;;;;;;;
111;Rg;Röntgenyum;;;;;;;;
112;Cn;Kopernikyum;;;;;;;;
113;Nh;Nihonyum;;;;;;;;
114;Fl;Flerovyum;;;;;;;;
115;Mc;Moskovyum;;;;;;;;
116;Lv;Livermoryum;;;;;;;;
117;Ts;Tennesin;;;;;;;;
118;Og;Oganesson;;;;;;;;
