dosya;id;asama;arguman;tur;kategori;beceri;soru;ipucu;aciklama;dogru;hata_turu
D01;G1;Gözlem;;tekli;kanit;gozlem;İlk kanıtlara (K2 ve K3) göre bu madde hakkında hangi sonuca güvenle varabilirsin?;Elektriği ve ısıyı iyi iletmek hangi madde sınıfının ortak özelliği? Bu özellik kaç farklı maddede görülür?;Elektriği ve ısıyı iyi iletmek metallerin ortak özelliğidir. Bu kanıt maddenin bir metal olduğunu gösterir ama hangi metal olduğunu söylemez, çünkü pek çok metal elektriği ve ısıyı iyi iletir.;;
D01;G2;Veri;;tablo;kanit;veri;Analiz cihazının kısmi raporuna (K4) göre aday olabilecek bütün elementleri periyodik tabloda işaretle.;4. periyot potasyumla (19) başlar. d bloğu 3. gruptan 12. gruba kadar uzanır.;4. periyodun d bloğunda 10 element var: skandiyumdan (21) çinkoya (30) kadar. Kısmi rapor adayları 118 elementten 10 elemente indirdi ama henüz tek bir sonuç yok.;Sc Ti V Cr Mn Fe Co Ni Cu Zn;veri
D01;G3;Veri;;tekli;kanit;veri;Ölçülen yoğunluk 8,9 ± 0,1 g/cm³ (K1). Tablodaki verilere (K7) göre yalnızca yoğunluk bilgisiyle kesin sonuca ulaşılabilir mi?;Ölçümün belirsizliğini hesaba kat: 8,8 ile 9,0 g/cm³ arasındaki bütün değerler ölçümle uyumludur.;"Hayır. 8,8–9,0 g/cm³ aralığına tablodaki üç metal giriyor: kobalt (8,86), nikel (8,90) ve bakır (8,96). Bu ölçüm, bu üç metali birbirinden ayırmaya yetmez; başka bir kanıt gerekir. Demir (7,87) ise bu kanıtla elenir.";;
D01;G4;Hipotez;;tekli;alternatif;hipotez;Adaylar kobalt, nikel ve bakır. Tablodaki sütunlara bakarak, örneği bozmadan bu üç adayı birbirinden ayırabilecek en uygun test hangisidir?;Tabloda bu üç metal arasında 'evet / hayır' gibi açık bir fark gösteren sütun var mı?;"Mıknatıs testi örneği bozmaz. Tabloya göre kobalt ve nikel mıknatısa çekilir, bakır çekilmez; bu yüzden adayları ayırmak için en uygun test budur. Erime noktaları da farklıdır ama ölçmek için örneği eritmek gerekir.";;
D01;G5;Kanıt;;coklu;kanit;cikarim;Mıknatıs testinin sonucu (K8) kobalt, nikel ve bakırdan hangilerini eler? Elenenlerin hepsini seç.;Tabloda mıknatısa çekilen metaller hangileri? Örnek mıknatısa çekildi mi?;Örnek mıknatısa çekilmedi. Tabloya göre kobalt ve nikel mıknatısa çekilir, bu yüzden ikisi de elenir. Geriye bakır kalır.;;veri
D01;G6;Çıkarım;;yaz;kimlik;cikarim;Kanıtlara göre tel hangi elementten yapılmıştır? Adını ya da sembolünü yaz.;Adaylardan hangisi mıknatısa çekilmiyor? Yüzeyin rengi (K9) sonucunu destekliyor mu?;Tel bakırdır (Cu). Kısmi rapor 4. periyodun d bloğunu, yoğunluk kobalt–nikel–bakır üçlüsünü, mıknatıs testi de bakırı gösteriyor. Kırmızımsı renk bu sonucu destekliyor.;;kanitsiz
D01;G7;Çıkarım;;tekli;ozellik_kullanim;cikarim;Bakırın ev elektrik kablolarında yaygın kullanılmasının bilimsel nedeni nedir?;Bir kablo malzemesinde iki şey gerekir: akımı iyi taşımak ve ...?;"Metallerde elektronların bir kısmı tek bir atoma bağlı değildir; metal yapı içinde serbestçe hareket edebilir. Bu yüzden bakır elektriği çok iyi iletir. Ayrıca kolayca işlenip ince tel hâline getirilebilir. RSC'ye göre bakırın büyük kısmı bu iki özellik nedeniyle kablolarda ve elektrik motorlarında kullanılır.";;
D01;G8;Veri;;sirala;kanit;veri;Tabloya (K7) göre şu metalleri elektrik iletkenliği en yüksek olandan en düşük olana doğru sırala.;İletkenlik sütununda büyük sayı daha iyi iletkenlik demektir.;"Gümüş (63,0) > bakır (59,6) > alüminyum (35,5) > demir (10,3 MS/m). Gümüş elektriği en iyi ileten metaldir; bakır onu çok yakından izler.";;veri
D01;G9;Çıkarım;;tekli;ozellik_kullanim;cikarim;Gümüş elektriği bakırdan da iyi iletiyor. Buna rağmen ev kablolarında neden gümüş değil de bakır kullanılır?;Bir malzeme seçilirken yalnızca bilimsel özelliklerine mi bakılır?;"Malzeme seçiminde tek ölçüt en iyi özellik değildir; ne kadar bulunduğu ve maliyeti de önemlidir. Gümüş en iyi iletken olsa da çok daha az bulunur ve pahalıdır. Bakır hem çok iyi iletir hem de çok daha boldur; RSC bakırın bakır, gümüş ve altın arasında en yaygın, bu yüzden en ucuz olanı olduğunu belirtir.";;
D01;G10;Çıkarım;;tekli;kanit;veri;"Bir öğrenci tablodan yalnızca alüminyum, bakır ve gümüşü seçip şöyle diyor: ""Yoğunluk arttıkça iletkenlik de artıyor. Demek ki yüksek yoğunluk iyi iletkenliğe neden oluyor."" Bu çıkarım hakkında ne söylenebilir?";Tablonun tamamına bak: Bu eğilime uymayan metal var mı?;"Korelasyon (birlikte değişme) nedensellik değildir. Seçilen üç metalin aynı eğilimi göstermesi bir neden-sonuç ilişkisini kanıtlamaz; üstelik tablonun tamamı bu eğilimi desteklemiyor. Nikel, bakırla neredeyse aynı yoğunlukta olduğu hâlde çok daha az iletir.";;
D01;G11;Gözlem;;coklu;kullanim;gozlem;Elektrik kabloları dışında bakır ve alaşımları günlük hayatta nerelerde kullanılır? Doğru olanların hepsini seç.;Bakırın kolay işlenmesi ve dayanıklılığı hangi yapı işlerinde işe yarar?;RSC'ye göre bakır, elektrik donanımlarının yanı sıra çatı kaplaması ve su tesisatı gibi yapı işlerinde kullanılır. Madeni paraların birçoğu da bakır alaşımlarından yapılır.;;iliski
D01;G12;Çıkarım;;tekli;ozellik_kullanim;cikarim;Musluk, kapı kolu ve bazı madeni paralarda saf bakır yerine çoğunlukla bakır alaşımları (örneğin bakır ve çinkodan oluşan pirinç) kullanılır. Bunun en olası bilimsel nedeni nedir?;Sık dokunulan, sürekli kullanılan bir eşyadan hangi özellik beklenir?;Saf metale başka bir element katılınca atomların düzenli dizilişi bozulur ve metal katmanlarının birbiri üzerinden kayması zorlaşır. Bu yüzden alaşımlar çoğu zaman saf metalden daha serttir. RSC'ye göre bakıra biraz kalay katılarak sertleştirilmesiyle elde edilen bronz, Tunç Çağı'na adını vermiştir.;;
D01;G13;Sonuç;;tekli;sembol;cikarim;Bu metalin sembolü Cu. Türkçe adı 'bakır', İngilizce adı 'copper' olduğu hâlde sembolü neden 'B' ya da 'Co' değil? Arşiv notunu (K10) incele.;Uluslararası semboller hangi dildeki adlardan gelir? Arşiv notunda geçen eski adı bul.;Sembol, metalin Latince adı 'cuprum'dan gelir. Uluslararası semboller çoğu zaman elementin Latince adına dayanır: demir Fe (ferrum), gümüş Ag (argentum), altın Au (aurum), kurşun Pb (plumbum) gibi.;;
D01;G14;Sonuç;;tekli;isim;gozlem;Latince 'Cyprium aes' ifadesi bu metalin adı hakkında bize ne anlatıyor?;Arşiv notunda 'Cyprium aes' ifadesinin Türkçe karşılığı yazıyor.;"RSC'ye göre bakırın adı, 'Kıbrıs'tan gelen metal' anlamındaki Latince 'Cyprium aes' ifadesinden gelir; Antik Çağ'da Kıbrıs önemli bir bakır kaynağıydı. Bakır insanların işlediği ilk metaldir: Kuzey Irak'ta bulunan bakır boncuklar on bin yıldan daha eskidir.";;
D01;G15;Kanıt;Kanıt;kanit;kanit;kanit;İddian: Tel bakırdır. Bu iddiayı destekleyen ve diğer adayları eleyen kanıtları seç. Tek başına ayırt edici olmayan kanıtları seçme.;Her kanıt için sor: Bu kanıt aday sayısını azaltıyor mu?;Ayırt edici kanıtlar şunlar: kısmi analiz raporu (K4) adayları 10 elemente, yoğunluk (K1) kobalt–nikel–bakır üçlüsüne, mıknatıs testi (K8) de bakıra indirdi. Tablo (K7) bu ölçümleri yorumlamamızı sağladı, renk (K9) sonucu destekledi. Elektrik ve ısı iletkenliği (K2, K3), sembolün iki harfli olması (K5) ve kablolarda kullanılması (K6) birçok metal için geçerli olduğundan tek başına ayırt edici değil.;K1 K4 K8 (K7) (K9);kanitsiz
D01;G16;Çıkarım;Gerekçe;tekli;gerekce;gerekce;Bu kanıtlar neden bakırı işaret ediyor? En güçlü gerekçeyi seç.;Güçlü bir gerekçe, kanıtların adayları adım adım nasıl azalttığını gösterir.;Güçlü bir gerekçe, kanıtların adayları nasıl tek bir sonuca indirdiğini adım adım gösterir: konum (10 aday) → yoğunluk (3 aday) → mıknatıs testi (1 aday).;;
D01;G17;Çıkarım;Karşı kanıt;tekli;alternatif;hipotez;Hangi alternatif hipotez en ciddi biçimde düşünülmeliydi ve neden reddedildi?;Elemesi en zor olan aday hangisiydi?;En ciddi alternatifler nikel ve kobalttı, çünkü yoğunlukları ölçümle uyumlu. Onları eleyen kanıt mıknatıs testidir. Güçlü bir argüman, en güçlü rakip hipotezi açıkça ele alır ve neden reddedildiğini gösterir.;;
D01;G18;Sonuç;Sonuç;savunma;gerekce;gerekce;"Bilimsel jüriye savunmanı yaz. ""Telin bakır olduğunu düşünüyorum çünkü…"" diye başla. İddianı, kanıtlarını, gerekçeni ve en güçlü alternatif hipotezi neden reddettiğini yaz.";;"Telin bakır olduğunu düşünüyorum çünkü kısmi analiz raporu elementin 4. periyodun d bloğunda olduğunu gösteriyor; bu, adayları 10 elemente indiriyor. Ölçtüğümüz yoğunluk 8,9 ± 0,1 g/cm³ ve tabloya göre bu aralıkta yalnızca kobalt, nikel ve bakır var. Örnek mıknatısa çekilmedi; kobalt ve nikel mıknatısa çekildiği için elendi. Temizlenen yüzeyin kırmızımsı rengi de bakırla uyumlu. En ciddi alternatif nikeldi, çünkü yoğunluğu ölçümümüzle neredeyse aynı; ama mıknatıs testi onu eledi. Elektriği iyi iletmesi ve kablolarda kullanılması tek başına yeterli kanıt değildi, çünkü bu özellikler birçok metalde var.";;
D02;G1;Gözlem;;tekli;kanit;gozlem;Balonun tavana yükselip orada kalması (K1) içindeki gaz hakkında neyi gösterir?;Bir balon hangi durumda havada yükselir?;"Bir balon, içindeki gaz aynı hacimdeki havadan daha hafifse yükselir. Bu kanıt gazın yoğunluğunun havanınkinden küçük olduğunu gösterir; ama hangi gaz olduğunu söylemez.";;
D02;G2;Veri;;coklu;kanit;veri;Tabloya (K4) göre havadan hafif olan gazlar hangileri? Hepsini seç.;Her gazın yoğunluğunu havanınkiyle (0,0012) karşılaştır.;Hidrojen (0,000082), helyum (0,000164) ve neon (0,000825 g/cm³) havadan (0,0012 g/cm³) hafiftir. Argon ise havadan ağırdır.;;veri
D02;G3;Veri;;tekli;kanit;cikarim;Kıvılcım testi (K2) hidrojen, helyum ve neondan hangisini eler?;Tabloda hangi gaz yanıcı olarak görünüyor?;"Hidrojen havadaki oksijenle hızla yanar; 1937'deki Hindenburg kazası (K6) bunun tarihsel bir örneğidir. Örnek yanmadığına göre hidrojen elenir. Geriye helyum ve neon kalır.";;
D02;G4;Hipotez;;tekli;alternatif;hipotez;Adaylar helyum ve neon. İkisi de havadan hafif ve yanmıyor. Bu ikisini ayırmak için hangi inceleme en uygun olur?;Her elementin kendine özgü bir 'parmak izi' var mı?;"Her element, içinden elektrik geçince ya da ısıtılınca kendine özgü renklerde ışık yayar. Bu ışığın spektrumu elementin parmak izi gibidir; helyumu neondan kesin olarak ayırır.";;
D02;G5;Çıkarım;;yaz;kimlik;cikarim;Kanıtlara göre balondaki gaz hangi elementtir? Adını ya da sembolünü yaz.;Spektrumda neonun kırmızı-turuncu çizgileri yok (K5).;Gaz helyumdur (He): havadan hafif (K1), yanmıyor (K2) ve spektrumu neonunkinden farklı (K5). Bu sarı çizgi, 1868'de Güneş'in ışığında görülen ünlü çizgidir.;;kanitsiz
D02;G6;Sonuç;;tekli;isim;gozlem;Arşiv notuna (K7) göre helyum adını neden 'Güneş'ten almıştır?;Helyum ilk olarak nerede fark edildi?;"RSC'ye göre adı Yunanca 'Güneş' anlamındaki 'helios' kelimesinden gelir. 1868'de Pierre Janssen bir Güneş tutulmasında Güneş'in ışığında yeni bir sarı çizgi gördü; Joseph Lockyer bu yeni elemente helyum adını verdi. Helyum Dünya'da ancak 1895'te bulundu.";;
D02;G7;Çıkarım;;tekli;ozellik_kullanim;cikarim;Süs balonlarında ve hava balonlarında hidrojen yerine neden helyum tercih edilir?;İki gazın tablodaki 'Yanıcı mı?' sütununa bak.;RSC'ye göre helyum düşük yoğunluğu nedeniyle süs balonlarında, hava balonlarında ve zeplinlerde kullanılır. Hidrojen de bir zamanlar balonlarda kullanılıyordu ama tehlikeli derecede tepkimeye yatkındır. Helyumun hiçbir maddeyle tepkimeye girmemesi onu güvenli yapar.;;
D02;G8;Kanıt;Kanıt;kanit;kanit;kanit;İddian: Balondaki gaz helyumdur. Bu iddiayı destekleyen ve diğer adayları eleyen kanıtları seç. Tek başına ayırt edici olmayan kanıtları seçme.;Her kanıt için sor: Bu kanıt bir adayı eliyor mu?;Havadan hafif olması (K1) argonu, yanmaması (K2) hidrojeni, spektrumu (K5) da neonu eledi. Renk ve koku (K3) ayırt edici değil: adayların hepsi renksiz ve kokusuz. İsmin hikâyesi (K7) bu balondaki gaz hakkında bir kanıt değildir.;K1 K2 K5 (K4) (K6);kanitsiz
D03;G1;Gözlem;;tekli;kanit;gozlem;Eşyaların mıknatısa çekilmemesi (K3) hangi sonucu destekler?;Tabloda mıknatısa çekilen kaç metal var?;Tablodaki metallerden yalnızca demir mıknatısa çekiliyor. Mıknatıs testi demiri eler ama kalan dört metali birbirinden ayırmaz.;;
D03;G2;Veri;;tekli;kanit;veri;Ölçülen yoğunluk 2,7 ± 0,1 g/cm³ (K1). Tabloya (K6) göre hangi metal bu ölçümle uyumlu?;Belirsizliği hesaba kat: hangi değerler 2,6 ile 2,8 arasında?;"Ölçüm 2,6 ile 2,8 g/cm³ arasındaki değerlerle uyumlu. Tablodaki metallerden yalnızca alüminyum (2,70) bu aralıkta; diğerlerinin yoğunlukları çok farklı.";;
D03;G3;Çıkarım;;yaz;kimlik;cikarim;Kanıtlara göre üç eşyanın metali hangi elementtir? Adını ya da sembolünü yaz.;Yoğunluğu ölçümle uyuşan tek metal hangisiydi?;Metal alüminyumdur (Al): yoğunluğu 2,70 g/cm³, mıknatısa çekilmiyor, gümüşi beyaz ve kolayca işlenebiliyor.;;kanitsiz
D03;G4;Gözlem;;coklu;kullanim;gozlem;Kanıtlara göre alüminyum aşağıdaki kullanımlardan hangileri için uygundur? Hepsini seç.;Hafif, işlenebilir, ısıyı ve elektriği ileten, paslanmayan bir metal nerelerde işe yarar?;RSC'ye göre alüminyum içecek kutularında, folyoda, mutfak eşyalarında, pencere çerçevelerinde ve uçak parçalarında kullanılır. Elektriği iyi ilettiği için elektrik iletim hatlarında da sık kullanılır.;;iliski
D03;G5;Çıkarım;;tekli;ozellik_kullanim;cikarim;Uzun elektrik iletim hatlarında bakır yerine sıkça alüminyum kullanılır. Tablodaki (K6) verilere göre bunun en iyi açıklaması hangisi?;İletkenlik sütununu ve yoğunluk sütununu birlikte düşün.;Aynı hacimde bakır alüminyumdan daha iyi iletir (59,6'ya karşı 35,5 MS/m). Ama alüminyum bakırdan üç kattan fazla hafiftir. RSC'ye göre alüminyum bakırdan ucuzdur ve kütle bakımından neredeyse iki kat daha iyi bir iletkendir. Direkler arasında asılı duran uzun tellerde hafiflik çok önemlidir.;;
D03;G6;Sonuç;;tekli;isim;gozlem;Arşiv notuna (K7) göre alüminyumun adı nereden gelir?;Notta bir Latince kelime geçiyor.;RSC'ye göre alüminyumun adı, şap için kullanılan Latince 'alumen' (acı tuz) kelimesinden gelir. Şap, alüminyum içeren ve çok eskiden beri bilinen bir tuzdur.;;
D03;G7;Çıkarım;Gerekçe;tekli;gerekce;gerekce;İddian: Kutu, folyo ve uçak parçası alüminyumdan yapılmıştır. En güçlü gerekçe hangisi?;Güçlü bir gerekçe ölçülen bir değeri bilinen değerlerle karşılaştırır.;Güçlü bir gerekçe, sayısal bir ölçümü bilinen değerlerle karşılaştırır ve diğer kanıtların bu sonuçla uyumlu olduğunu gösterir.;;
D04;G1;Gözlem;;tekli;kanit;gozlem;Uç yumuşak ve kâğıtta iz bırakıyor (K1). Bu gözlem 'uçta kurşun var' iddiasını kanıtlar mı?;Yumuşak olan ve iz bırakan başka maddeler düşünebiliyor musun?;"Yumuşak olmak ve iz bırakmak birçok maddenin özelliğidir. Bu gözlem tek başına uçtaki maddenin kimliğini kanıtlamaz; ölçüm ve deney gerekir.";;
D04;G2;Veri;;tekli;kanit;veri;Yoğunluk ölçümünü (K3) tablodaki (K5) değerlerle karşılaştır. Ne söylenebilir?;11,3'ün 2,2'ye oranı nedir?;11,3 ÷ 2,2 ≈ 5. Ölçülen yoğunluk kurşunla değil grafitle uyumlu.;;
D04;G3;Kanıt;;coklu;kanit;cikarim;Yanma deneyine (K4) göre hangi sonuçlara varılabilir? Doğru olanların hepsini seç.;Kireç suyunu bulandıran gaz hangisidir? Geriye kalan kalıntı ne anlatır?;"Kireç suyunu bulandıran gaz karbondioksittir; karbondioksit oluştuğuna göre yanan madde karbon içerir. Yanmayan açık renkli kalıntı, kalem ucunun grafit ve kil gibi maddelerin karışımı olduğunu gösterir.";;kanitsiz
D04;G4;Çıkarım;;yaz;kimlik;cikarim;Kalem ucundaki siyah, kaygan ve elektriği ileten madde hangi elementtir? Adını ya da sembolünü yaz.;Yanınca karbondioksit veren madde...;"Siyah madde karbondur (C); grafit, karbonun bir biçimidir. Yoğunluğu grafitle uyuşuyor ve yanınca karbondioksit veriyor.";;kanitsiz
D04;G5;Sonuç;;tekli;isim;gozlem;Madem uçta kurşun yok, neden 'kurşun kalem' deniyor? (K6);Arşiv notu bir yanılgıdan söz ediyor.;Grafit bulunduğunda kurşuna benzetildi ve 'kurşun kalem' adı bu yanılgıdan kaldı. Öğrencinin endişesine gerek yok: kalem ucunda kurşun değil, grafit (karbon) ve kil var.;;
D04;G6;Çıkarım;;tekli;ozellik_kullanim;cikarim;Grafit kâğıtta neden kolayca iz bırakır ve kaygan hissettirir?;Grafitteki atomların nasıl dizildiğini düşün.;"Grafitte karbon atomları düz katmanlar hâlinde dizilir; katmanlar arasındaki bağlar zayıftır. Yazarken katmanlar kayıp kâğıtta kalır. Aynı yapı grafiti kaygan yapar; katmanlar boyunca hareket edebilen elektronlar sayesinde grafit elektriği de iletir (K2).";;
D04;G7;Çıkarım;;tekli;alternatif;hipotez;Elmas da karbondan oluşur (K7). Aynı elementten yapıldıkları hâlde elmas çok sert ve saydam, grafit ise yumuşak ve siyah. Bu farkı en iyi hangi hipotez açıklar?;İki maddede değişen şey element mi, atomların düzeni mi?;"Elmas ve grafit karbonun iki farklı biçimidir. RSC'ye göre elmas bilinen en sert maddedir; grafit ise siyah, parlak ve yumuşaktır. Farkın nedeni atomların dizilişidir; element aynıdır.";;
D05;G1;Gözlem;;tekli;kanit;gozlem;Madde oda sıcaklığında sıvı ve elektriği iletiyor (K1, K4). Bu iki gözlem birlikte neyi gösterir?;Elektriği ileten, metalik parlak bir sıvı...;Elektriği iletmek ve metalik parlaklık maddenin bir metal olduğunu, oda sıcaklığında sıvı olması da erime noktasının 20 °C'nin altında olduğunu gösterir. Bu, metaller arasında çok nadir görülür.;;
D05;G2;Veri;;coklu;kanit;veri;Tabloya (K3) göre 20 °C'de sıvı olan metaller hangileri? Hepsini seç.;Bir madde, sıcaklık erime noktasının üzerindeyse sıvıdır.;Tablodaki metallerden yalnızca cıvanın erime noktası (−38,8 °C) 20 °C'nin altında. Sezyum ve galyum sıcak bir günde ya da elde eriyebilir, ama 20 °C'de katıdır.;;veri
D05;G3;Veri;;tekli;kanit;veri;Ölçülen yoğunluk (K2) bu sonucu destekliyor mu?;13,5 ± 0,2 aralığına tablodaki hangi değerler giriyor?;Ölçülen 13,5 ± 0,2 g/cm³ yalnızca cıvanın yoğunluğuyla (13,53) uyumlu. Cıva sıvı olduğu hâlde çok yoğundur: aynı hacimdeki demirden yaklaşık 1,7 kat ağırdır.;;
D05;G4;Çıkarım;;yaz;kimlik;cikarim;Damlacıklar hangi elementtir? Adını ya da sembolünü yaz.;20 °C'de sıvı olan tek metal...;Damlacıklar cıvadır (Hg): oda sıcaklığında sıvı, elektriği iletiyor ve yoğunluğu cıvanınkiyle uyuşuyor.;;kanitsiz
D05;G5;Sonuç;;tekli;sembol;cikarim;Cıvanın Türkçe ve İngilizce (mercury) adı H ya da g harfi içermediği hâlde sembolü neden Hg? (K5);Arşiv notunda hangi dilden bir ad geçiyor?;"Cıvanın sembolü Hg, Latince 'hydrargyrum' adından gelir; bu ad Yunanca 'su' ve 'gümüş' kelimelerinden türemiştir: sıvı ve gümüş renkli bir metal. İngilizce adı ise RSC'ye göre Merkür gezegeninden gelir.";;
D05;G6;Çıkarım;;tekli;ozellik_kullanim;cikarim;Eski termometrelerde cıva kullanılmasının bilimsel nedeni neydi?;Cıva hangi sıcaklıklar arasında sıvıdır?;"Cıva −38,8 °C'de donar ve yaklaşık 357 °C'de kaynar; aradaki geniş aralıkta sıvıdır. Isındıkça düzenli biçimde genleşir ve ince tüpte kolayca okunur. Ama RSC'ye göre zehirliliği nedeniyle termometre gibi kullanımları terk edilmektedir.";;
D05;G7;Sonuç;Sonuç;tekli;gerekce;gerekce;Hademe damlacıkları süpürgeyle toplamak istiyor. Birimin bilimsel uyarısı ne olmalı?;Güvenlik notunu (K6) oku.;Bilimsel bir karar kanıtlara dayanır: Güvenlik notu cıvanın ve buharının zehirli olduğunu söylüyor. Süpürmek ya da elektrikli süpürgeyle çekmek damlacıkları dağıtır ve buharlaşmayı artırır. Cıva dökülmelerini bu konuda eğitimli kişiler temizlemelidir.;;
D06;G1;Veri;;tablo;kanit;veri;Laboratuvar raporuna (K1) göre aday olabilecek bütün elementleri periyodik tabloda işaretle.;17. grubun bütün elementlerini, yedinci periyoda kadar işaretle.;"17. grupta altı element var: flor, klor, brom, iyot, astatin ve tennesin. Astatin ve tennesin radyoaktiftir; çok az miktarda bulunur ya da laboratuvarda üretilir.";F Cl Br I At Ts;veri
D06;G2;Veri;;coklu;kanit;veri;Saf hâlin oda sıcaklığında gaz olması (K2), tablodaki (K6) hangi adayları eler? Elenenlerin hepsini seç.;Tablonun 'hâli' sütununa bak.;"Tabloya göre brom sıvı, iyot katıdır; ikisi de elenir. Flor ve klor gazdır; bu kanıt onları birbirinden ayırmaz.";;veri
D06;G3;Çıkarım;;tekli;kanit;cikarim;Elektron dizilimi (K3) flor ile kloru nasıl ayırır?;Dizilimdeki en büyük katman numarası periyodu gösterir.;"1s² 2s² 2p⁵ diziliminde toplam 9 elektron var: atom numarası 9. En dış katman 2. katman olduğu için element 2. periyotta; bu katmanda 7 elektron olduğu için de 17. grupta. 2. periyottaki halojen flordur.";;
D06;G4;Çıkarım;;yaz;kimlik;cikarim;Element hangisi? Adını ya da sembolünü yaz.;17. grup ve 2. periyot...;Element flordur (F): 17. grupta (K1), saf hâli gaz (K2) ve elektron dizilimi 2. periyodu gösteriyor (K3). Etiketteki silinmiş kelime 'florür'dü.;;kanitsiz
D06;G5;Çıkarım;;tekli;ozellik_kullanim;cikarim;Diş macununda saf flor değil de florür iyonu içeren bileşikler kullanılır. Bunun nedeni nedir?;Saf florun tepkime notunu (K4) ve iyon notunu (K5) karşılaştır.;"RSC'ye göre flor bütün elementler içinde en tepkimeye yatkın olanıdır ve bütün metallere hızla saldırır. Flor bir elektron alıp florür iyonuna (F⁻) dönüşünce kararlı hâle gelir. Diş macunlarında sodyum florür gibi bileşikler bulunur; florür diş minesini asitlere karşı daha dayanıklı yapar.";;
D06;G6;Sonuç;;coklu;kullanim;gozlem;Flor ve bileşiklerinin günlük hayattaki kullanımları hangileri? Doğru olanların hepsini seç.;Yapışmaz tavaların kaplamasını düşün.;RSC'ye göre flor, yapışmaz tavalarda kullanılan teflon gibi plastiklerin ve su geçirmez kumaşların yapımında kullanılır. Florür bileşikleri diş macunlarına eklenir.;;iliski
D06;G7;Sonuç;;tekli;isim;gozlem;Arşiv notuna (K7) göre florun adı nereden gelir?;Notta bir Latince fiil geçiyor.;RSC'ye göre flor adı Latince 'fluere' (akmak) kelimesinden gelir: florit minerali, metal eritmede erimeyi kolaylaştırıyordu. 'Floresan' kelimesi de florit mineralinden türetilmiştir.;;
D06;G8;Kanıt;Kanıt;kanit;kanit;kanit;İddian: Macundaki etken maddenin elementi flordur. Adayları tek bir elemente indiren kanıtları seç. Tek başına ayırt edici olmayan kanıtları seçme.;Hangi iki kanıt birlikte tek bir hücreyi gösteriyor?;"17. grup (K1) ve 2. periyot (K3) birlikte tek bir element gösterir: flor. Saf hâlinin gaz olması (K2) ve 'en tepkimeye yatkın element' olması (K4) bu sonucu destekler. −1 yüklü iyon oluşturmak (K5) bütün halojenlerde görülür; ayırt edici değildir.";K1 K3 (K2) (K4) (K6);kanitsiz
D07;G1;Gözlem;;coklu;kanit;veri;Alev testine (K1) ve tabloya (K2) göre hangi metaller kızıl alev verir? Hepsini seç.;Tablonun 'Alev rengi' sütununda 'Kızıl' yazan satırları bul.;Tabloya göre lityum ve stronsiyumun ikisi de kızıl alev verir. Alev testi adayları ikiye indirdi, ama tek başına kesin bir sonuç vermiyor.;;veri
D07;G2;Hipotez;;tekli;alternatif;hipotez;Adaylar lityum ve stronsiyum. Bu iki hipotezi ayırmak için hangi bilgi en işe yarar?;İki aday tabloda hangi sütunda farklılaşıyor?;Lityum 1. grupta, stronsiyum 2. grupta. Metalin hangi grupta olduğunu gösteren bir analiz, iki hipotezden birini kesin olarak eler. Yeni kanıtlar açıldı: elementel analiz (K3) ve yoğunluk (K4).;;
D07;G3;Veri;;tekli;kanit;veri;"Analize (K3) ve yoğunluğa (K4) göre ne söylenebilir? (Kalsiyum 1,54; stronsiyum 2,64; baryum 3,62; lityum 0,534 g/cm³)";2,6 ± 0,1 aralığına hangi değer giriyor?;Metal 2. grupta olduğu için lityum (1. grup) elenir. Yoğunluk 2,6 ± 0,1 g/cm³ ise 2. grup metallerinden yalnızca stronsiyumla (2,64) uyumlu.;;
D07;G4;Çıkarım;;yaz;kimlik;cikarim;Fişeğe kızıl rengi veren metal hangisi? Adını ya da sembolünü yaz.;Kızıl alev veren, 2. gruptaki metal...;Metal stronsiyumdur (Sr): kızıl alev veriyor, 2. grupta ve yoğunluğu stronsiyumla uyuşuyor.;;kanitsiz
D07;G5;Çıkarım;;tekli;ozellik_kullanim;cikarim;Havai fişeklerde farklı renkler nasıl elde edilir?;Tablodaki her metalin alev rengi neden farklı?;Alevde metal atomları ısıyla enerji kazanır ve bu enerjiyi belirli renklerde ışık olarak geri verir. RSC'ye göre stronsiyum, tuzlarının havai fişeklere ve işaret fişeklerine verdiği parlak kırmızı renkle bilinir. Yeşil için baryum, mavi-yeşil için bakır tuzları kullanılabilir.;;
D07;G6;Sonuç;;tekli;isim;gozlem;Stronsiyum adını nereden alır? (K6);Notta bir yer adı geçiyor.;RSC'ye göre stronsiyum, adını İskoçya'daki küçük Strontian kasabasından alır. Adını kırmızı renkten alan element ise rubidyumdur (Latince 'rubidius': en koyu kırmızı).;;
D07;G7;Çıkarım;Gerekçe;tekli;gerekce;gerekce;İddian: Fişekteki metal stronsiyumdur. En güçlü gerekçe hangisi?;Güçlü gerekçe, her adımda hangi adayın neden elendiğini gösterir.;Güçlü bir gerekçe kanıtları birleştirir: alev testi adayları ikiye indirdi, analiz grubu belirledi, yoğunluk da sonucu doğruladı.;;
D07;G8;Çıkarım;Karşı kanıt;tekli;alternatif;hipotez;En ciddi alternatif hipotez hangisiydi ve neden reddedildi?;Hangi aday ilk testi de geçmişti?;Lityum en ciddi alternatifti: o da kızıl alev verir. Ama 1. gruptadır ve yoğunluğu (0,534 g/cm³) ölçümle uyuşmaz. Güçlü bir argüman en güçlü rakibi açıkça ele alır.;;
D08;G1;Gözlem;;tekli;kanit;gozlem;Kemiğin röntgende beyaz görünmesi ve alçının da beyaz olması 'ikisi aynı elementi içerir' iddiasını kanıtlar mı?;Aynı renkte olan iki madde aynı elementleri mi içerir?;"Kemiklerin röntgende beyaz görünmesinin nedeni, X ışınlarını yumuşak dokulardan daha çok soğurmalarıdır. Bu bir ipucu olabilir ama tek başına kanıt değildir; alçının renginin ise bununla hiçbir ilgisi yoktur. Kimyasal analiz gerekir.";;
D08;G2;Veri;;tablo;kanit;veri;Analiz raporuna (K1) göre adayları periyodik tabloda işaretle.;2. grubun bütün elementlerini, yedinci periyoda kadar işaretle.;2. grupta altı element var: berilyum, magnezyum, kalsiyum, stronsiyum, baryum ve radyum.;Be Mg Ca Sr Ba Ra;veri
D08;G3;Veri;;tekli;kanit;veri;Ölçülen yoğunluk 1,5 ± 0,1 g/cm³ (K3). Tabloya (K4) göre hangi aday uyumlu?;1,4 ile 1,6 arasına hangi değer giriyor?;Ölçüm 1,4–1,6 g/cm³ aralığıyla uyumlu. Tablodaki adaylardan yalnızca kalsiyum (1,54) bu aralıkta. Magnezyum (1,74) ve berilyum (1,85) yakın ama aralığın dışında.;;
D08;G4;Çıkarım;;yaz;kimlik;cikarim;Kemiğin ve alçının ortak elementi hangisi? Adını ya da sembolünü yaz.;2. grupta, yoğunluğu 1,54 g/cm³ olan metal...;Element kalsiyumdur (Ca): 2. grupta, yoğunluğu ölçümle uyuşuyor ve suyla tepkimesi kalsiyuma uyuyor.;;kanitsiz
D08;G5;Çıkarım;;tekli;ozellik_kullanim;cikarim;Sirkede bekletilen kemiğin bükülebilir hâle gelmesi (K5) kemiğin yapısı hakkında ne söyler?;Sirke asittir. Asit kemikten neyi çözmüş olabilir?;"Kemiğin sertliği kalsiyum ve fosfat içeren bir mineralden (hidroksiapatit) gelir. Sirkedeki asit bu minerali çözer; geriye esnek bir protein olan kolajen kalır ve kemik bükülebilir.";;
D08;G6;Sonuç;;coklu;kullanim;gozlem;Kalsiyum bileşikleri günlük hayatta nerelerde bulunur? Doğru olanların hepsini seç.;Yapı malzemeleri kaydına (K6) bak.;"RSC'ye göre kireçtaşı (kalsiyum karbonat) yapı taşı olarak ve çimento yapımında kullanılır; alçı (kalsiyum sülfat) hem inşaatta hem de kırık kemiklerin sabitlenmesinde kullanılır.";;iliski
D08;G7;Sonuç;;tekli;isim;gozlem;Kalsiyumun adı nereden gelir? (K7);Notta Latince bir kelime geçiyor.;RSC'ye göre kalsiyumun adı Latince 'kireç' anlamındaki 'calx' kelimesinden gelir. Kireç (kalsiyum oksit), kireçtaşı ısıtılarak elde edilir ve yüzyıllardır sıva ve harç yapımında kullanılır.;;
D08;G8;Çıkarım;Karşı kanıt;tekli;alternatif;hipotez;Kemikte fosfor da bulunur. 'Kemiğin ve alçının ortak elementi fosfordur' hipotezi neden reddedilir?;Fosfor periyodik tablonun neresinde? Alçının formülünü düşün.;Fosfor 15. gruptadır, analiz ise 2. grubu gösteriyor. Ayrıca alçı (kalsiyum sülfat) fosfor içermez. Kemik mineralinde fosfor vardır ama kemik ile alçının ortak elementi kalsiyumdur.;;
D09;G1;Veri;;tablo;kanit;veri;Analiz raporuna (K1) göre aday olabilecek bütün alkali metalleri periyodik tabloda işaretle.;Hidrojen 1. grupta gösterilir ama bir metal değildir.;Alkali metaller lityum, sodyum, potasyum, rubidyum, sezyum ve fransiyumdur. Hidrojen 1. grupta gösterilir ama metal değildir.;Li Na K Rb Cs Fr;veri
D09;G2;Veri;;tekli;kanit;veri;Yoğunluk ölçümü (K2) tablodaki (K4) hangi adayı gösteriyor?;0,51 ile 0,55 arasına hangi değer giriyor?;"Ölçülen 0,53 ± 0,02 g/cm³ yalnızca lityumla (0,534) uyumlu. Lityum bütün metallerin en hafifidir; sudan bile neredeyse iki kat hafiftir.";;
D09;G3;Veri;;tekli;kanit;veri;Tabloya (K4) göre 1. grupta aşağı inildikçe yoğunluk genel olarak artıyor. Bu eğilime uymayan (istisna) metal hangisi?;Yoğunlukları periyot sırasıyla tek tek karşılaştır.;"Genel eğilim yoğunluğun grupta aşağı doğru artmasıdır; ama potasyum (0,89) sodyumdan (0,97) sonra geldiği hâlde daha hafiftir. Veri analizinde istisnaları fark etmek önemlidir: bir eğilim her zaman bir kural değildir.";;
D09;G4;Hipotez;;tekli;alternatif;hipotez;Bir öğrenci 'Alev testinde kızıl renk verdiğine göre (K3) element stronsiyum olabilir' diyor. Bu hipotez hakkında ne söylenebilir?;Stronsiyum hangi grupta? Analiz raporu ne diyor?;"Stronsiyum da kızıl alev verir; ama 2. gruptadır (toprak alkali metal) ve yoğunluğu 2,64 g/cm³'tür. Analiz 1. grubu, ölçüm de 0,53 g/cm³'ü gösterdiği için bu hipotez reddedilir.";;
D09;G5;Çıkarım;;yaz;kimlik;cikarim;Bataryadaki element hangisi? Adını ya da sembolünü yaz.;1. grupta, kızıl alev veren ve yoğunluğu 0,534 g/cm³ olan metal...;Element lityumdur (Li). Etiketteki silinmiş kelime 'lityum'du: lityum-iyon batarya.;;kanitsiz
D09;G6;Çıkarım;;tekli;ozellik_kullanim;cikarim;Taşınabilir cihazların pillerinde lityumun tercih edilmesinin en önemli bilimsel nedeni nedir?;Bir telefon pilinden hangi iki özellik beklenir: hafiflik ve...?;"RSC'ye göre lityumun en önemli kullanımı şarj edilebilir pillerdir. Lityum bütün metaller içinde en hafifidir ve dış katmanındaki tek elektronunu kolayca verir; bu iki özellik hafif ama çok enerji depolayan piller yapmayı sağlar.";;
D09;G7;Sonuç;;tekli;isim;gozlem;Lityumun adı neden 'taş' anlamına gelir? (K7);Lityum nereden bulunmuştu?;"RSC'ye göre diğer yaygın alkali metaller bitki maddelerinden bulunurken lityum bir mineralden, yani bir taştan bulundu; adı da buradan gelir.";;
D09;G8;Sonuç;Sonuç;tekli;gerekce;gerekce;Şişmiş bir lityum bataryayla ilgili bilimsel olarak doğru uyarı hangisi?;Lityumun suyla davranışını (K5) hatırla.;"Lityum tepkimeye yatkın bir metaldir; hasarlı bir pil ısınabilir ve alev alabilir. Şişmiş pil delinmemeli, ezilmemeli, ısıtılmamalı ve atık pil toplama noktasına verilmelidir.";;
D10;G1;Gözlem;;tekli;kanit;gozlem;Mumun sönmesi (K1) gaz hakkında neyi gösterir?;Tabloda mumu söndüren kaç gaz var?;"Mumun sönmesi gazın yanmayı desteklemediğini gösterir. Ama tabloya göre dört gaz mumu söndürür; bu kanıt tek başına gazın kimliğini göstermez.";;
D10;G2;Veri;;coklu;kanit;veri;Tabloya (K4) göre mum testi ve kireç suyu testi (K1, K3) birlikte hangi gazları aday olarak bırakır? Hepsini seç.;Hem mumu söndüren hem de kireç suyunu bulandırmayan gazlar...;"Mumu söndüren ve kireç suyunu bulandırmayan gazlar azot, argon ve helyumdur. Karbondioksit kireç suyunu bulandırır; oksijen ise mumu söndürmez.";;veri
D10;G3;Veri;;tekli;kanit;veri;Yoğunluk ölçümü (K5) kalan adaylardan hangisini gösterir?;0,00113 ile 0,00117 arasına hangi değer giriyor?;Ölçülen 0,00115 ± 0,00002 g/cm³ yalnızca azotla (0,001145) uyumlu. Argon (0,001633) daha yoğun, helyum (0,000164) çok daha hafif.;;
D10;G4;Çıkarım;;yaz;kimlik;cikarim;Paketteki gaz hangi elementtir? Adını ya da sembolünü yaz.;Havanın yaklaşık %78'ini oluşturan gaz...;Gaz azottur (N): mumu söndürüyor, kireç suyunu bulandırmıyor ve yoğunluğu azotla uyuşuyor.;;kanitsiz
D10;G5;Çıkarım;;tekli;ozellik_kullanim;cikarim;Cips paketlerine hava yerine azot doldurulmasının bilimsel nedeni nedir?;Havadaki hangi gaz yağların bozulmasına yol açar?;"RSC'ye göre azot, tepkimeye girmeyen bir ortam sağlamak için kullanılır; yiyecekleri korumak bunlardan biridir. Havadaki oksijen cipslerdeki yağın bozulmasına (acımasına) yol açar; azot dolu pakette cipsler daha uzun süre taze kalır. Gaz ayrıca cipslerin ezilmesini de önler.";;
D10;G6;Sonuç;;tekli;sembol;cikarim;Türkçede adı 'azot' olduğu hâlde sembolü neden 'A' değil de 'N'? (K6);Arşiv notunda iki ayrı ad geçiyor.;Uluslararası sembol N, elementin 'nitrogen' adından gelir. Türkçedeki 'azot' adı ise Lavoisier'nin Fransızca 'azote' adından geçmiştir. Bu yüzden Türkçe ad ile sembol farklıdır.;;
D10;G7;Sonuç;;tekli;isim;gozlem;Lavoisier'nin bu gaza 'cansız' anlamındaki 'azote' adını vermesinin nedeni ne olabilir? (K6);Cavendish ve Priestley ne gözlemlemişti?;"Bu gazın içinde mum sönüyor ve canlılar yaşayamıyordu: gaz yanmayı ve solunumu desteklemiyordu. Ama azot zehirli değildir; havanın %78'ini oluşturur. Saf azotta canlılar oksijensiz kaldıkları için yaşayamaz.";;
D10;G8;Çıkarım;Gerekçe;tekli;gerekce;gerekce;Tüketicinin 'Bize hava satıyorlar!' şikâyetine bilimsel yanıt hangisi?;Paketteki gaz hava olsaydı mum testinde ne olurdu?;Güçlü bir yanıt kanıtlara dayanır: Gaz mumu söndürüyor (hava söndürmezdi, çünkü %21 oksijen içerir), kireç suyunu bulandırmıyor ve yoğunluğu azotla uyuşuyor. Azot cipslerin bozulmasını ve ezilmesini önlemek için konur.;;
D11;G1;Veri;;tekli;kanit;veri;Tablodaki (K1) ölçümlere bak. İki tür azot arasındaki fark gerçek mi, yoksa ölçüm hatası mı?;Aynı türün ölçümleri kendi aralarında ne kadar farklı? İki türün ortalamaları ne kadar farklı?;"Bir farkın gerçek olup olmadığına, farkı ölçümlerin kendi saçılmasıyla karşılaştırarak karar veririz. Her türün üç ölçümü birbirine çok yakın (en fazla 0,0004 g/L fark); iki tür arasındaki fark ise 0,0064 g/L, yani bunun yaklaşık 16 katı. Bu fark ölçüm hatasıyla açıklanamaz.";;
D11;G2;Hipotez;;coklu;alternatif;hipotez;Havadan elde edilen 'azotun' daha ağır olmasını hangi hipotezler açıklayabilir? Test edilebilir olanların hepsini seç.;Bir hipotez, deneyle sınanabilecek bir açıklamadır.;İki hipotez de test edilebilir: havadan elde edilen gazda ya bilinen bir gaz tam temizlenmemiştir ya da bilinmeyen, daha ağır bir gaz vardır. Bilim insanları önce basit açıklamayı dikkatle sınar.;;kanitsiz
D11;G3;Hipotez;;tekli;kanit;cikarim;Cavendish'in yüz yıl önceki notu (K2) bu hipotezlerden hangisini destekler?;Cavendish'in kalıntısı neye benziyor: bir temizleme hatasına mı, yeni bir maddeye mi?;"Cavendish en zorlu koşullarda bile tepkimeye girmeyen bir kalıntı buldu; bu basit bir temizleme hatasına benzemiyor. Not, havada azot gibi davranmayan bir gaz olduğunu destekliyor. Yeni kanıt açıldı: Ramsay'in deneyi (K3).";;
D11;G4;Kanıt;;tekli;kanit;kanit;Ramsay'in deneyi (K3) neden önemli bir kanıttır?;Azotun tamamı tepkimeye girip ayrıldıktan sonra geriye ne kaldı?;Azotun tamamı magnezyumla tepkimeye girip ayrıldığı hâlde geriye bir gaz kaldı. Demek ki 'havadan elde edilen azot' saf azot değildi. Yeni kanıtlar açıldı: kalan gazın spektrumu (K4) ve yoğunluğu (K5).;;
D11;G5;Çıkarım;;tekli;kanit;cikarim;Spektrumdaki yeni çizgiler (K4) ve yoğunluk (K5) birlikte hangi sonucu destekler?;Her elementin spektrumu kendine özgüdür.;Her elementin spektrumu kendine özgüdür ve bu çizgiler bilinen hiçbir elemente uymuyor. Gaz azottan yaklaşık 1,4 kat yoğun. Bu, havadan elde edilen azotun neden biraz daha ağır olduğunu açıklar: içine azottan ağır yeni bir element karışmıştı.;;
D11;G6;Çıkarım;;yaz;kimlik;cikarim;Bu yeni element hangisi? Adını ya da sembolünü yaz.;Havanın yaklaşık %1'ini oluşturan, tepkimeye girmeyen gaz...;"Element argondur (Ar). Havanın yaklaşık %0,9'unu oluşturur; tepkimeye girmediği için yüz yıl boyunca fark edilmedi.";;kanitsiz
D11;G7;Sonuç;;tekli;isim;gozlem;Argonun adı neden 'tembel' anlamına gelir? (K6);Argonun en belirgin kimyasal davranışı nedir?;"RSC'ye göre argon adı Yunanca 'işsiz, tembel' anlamındaki 'argos' kelimesinden gelir; çünkü argon hiçbir maddeyle tepkimeye girmez.";;
D11;G8;Çıkarım;;tekli;ozellik_kullanim;cikarim;Eski tip akkor ampullerin içine argon doldurulmasının nedeni nedir?;Akkor hâldeki tel havadaki hangi gazla tepkimeye girip bozulur?;RSC'ye göre argon, akkor ampullerde telin oksijenle tepkimeye girip bozulmasını önlemek için kullanılır. Argon tepkimeye girmediği için kızgın telin çevresinde koruyucu bir ortam oluşturur.;;
D11;G9;Çıkarım;Karşı kanıt;tekli;alternatif;hipotez;Bir eleştirmen 'Rayleigh'nin bulduğu fark ölçüm hatasıydı' diyor. En güçlü karşı kanıt hangisi?;Hangi kanıt farkın kaynağını doğrudan gösterdi?;En güçlü karşı kanıt, farkın kaynağını doğrudan ortaya koyan deneydir: Ramsay azotu tamamen ayırınca geriye tepkimeye girmeyen bir gaz kaldı ve spektrumu yeni çizgiler gösterdi.;;
D12;G1;Gözlem;;tekli;kanit;gozlem;Üç parçanın da sarı ve parlak olması 'üçü de altın' iddiasını destekler mi?;Referans tablosundaki (K2) maddelerin renklerine bak.;Renk tek başına yetersiz bir kanıttır: pirit ve pirinç de sarı ve parlaktır. Pirite 'aptal altını' denmesinin nedeni de budur.;;
D12;G2;Veri;;coklu;kanit;veri;Ölçümlere (K1) ve referans değerlere (K2) göre hangi parçalar altın OLAMAZ? Hepsini seç.;Her parçanın yoğunluğunu ve davranışını referans tablosuyla karşılaştır.;"A'nın yoğunluğu (5,0), yeşilimsi siyah çizgisi ve kırılganlığı piritle uyuşuyor; C'nin yoğunluğu (8,5) pirinçle uyuşuyor. İkisi de altın olamaz. B'nin ölçümleri ise altınla uyumlu; şimdilik elenemez.";;veri
D12;G3;Hipotez;;tekli;alternatif;hipotez;B'nin yoğunluğu 19,3 g/cm³. Bu, B'nin altın olduğunu kesin olarak kanıtlar mı?;Referans tablosunda yoğunluğu 19,3 olan başka bir metal var mı?;"Hayır. Tungstenin yoğunluğu da 19,3 g/cm³; yoğunluk ikisini ayırmaz. B, içi tungstenle doldurulup altınla kaplanmış bir külçe de olabilir. Bu yüzden külçenin içi incelendi (K5).";;
D12;G4;Kanıt;;tekli;kanit;cikarim;Külçenin içinden alınan örnek (K5) ve asit testi (K3) birlikte değerlendirildiğinde hangi sonuca varılır?;Tungsten nasıl bir metal? İçten çıkan talaş nasıl?;"İçten çıkan talaş da sarı ve yumuşak; sert ve gümüşi beyaz olan tungsten bununla uyuşmuyor. Asit testi de altınla uyumlu, ama tek başına yetmezdi: tungsten de birçok asitten pek etkilenmez. Ayırt edici kanıt iç kısmın sarı ve yumuşak olmasıdır.";;
D12;G5;Çıkarım;;yaz;kimlik;cikarim;B'nin elementi hangisi? Adını ya da sembolünü yaz.;Yoğunluğu 19,3, içi de dışı da sarı ve yumuşak...;B altındır (Au). A pirit, C ise pirinç gibi bir alaşım.;;kanitsiz
D12;G6;Çıkarım;;tekli;ozellik_kullanim;cikarim;Altının elektronik devrelerdeki bağlantı uçlarında kullanılmasının nedeni nedir?;Asit testinde (K3) B'ye ne oldu?;RSC'ye göre altın, bakır parçaları korumak için idealdir: elektriği iyi iletir ve korozyona uğramaz, bu yüzden temas noktası zamanla bozulmaz.;;
D12;G7;Sonuç;;tekli;sembol;cikarim;Altının sembolü neden 'A' değil de 'Au'? (K6);Arşiv notunda Latince bir kelime geçiyor.;Altının sembolü Au, Latince 'aurum' kelimesinden gelir. Tek harfli 'A' sembolü hiçbir elemente ait değildir.;;
D12;G8;Sonuç;;tekli;isim;gozlem;'Karun kadar zengin' deyimi altının tarihiyle nasıl ilişkilidir? (K6);Karun hangi krallığın kralıydı?;Karun (Kroisos), RSC'ye göre ilk saf altın sikkelerin basıldığı Lidya Krallığı'nın kralıydı ve servetiyle ünlüydü. Lidya bugün Türkiye sınırları içindedir.;;
D12;G9;Çıkarım;Gerekçe;tekli;gerekce;gerekce;Kuyumcuya yazacağın raporda en güçlü gerekçe hangisi?;Güçlü gerekçe her parçayı ve en tehlikeli tuzağı ele alır.;Güçlü bir rapor her parçayı kanıtlarla ele alır ve en güçlü alternatifi (aynı yoğunluktaki tungsten) açıkça eler.;;
D13;G1;Veri;;tekli;kanit;veri;Mıknatıs testi (K1) ve yoğunluk (K2) birlikte tablodaki (K3) hangi metali gösteriyor?;7,8 ile 8,0 arasına hangi değer giriyor?;Mıknatısa güçlü biçimde çekilen üç metalden yalnızca demirin yoğunluğu (7,87) ölçümle uyumlu. Kobalt ve nikel birbirine çok yakın (8,86 ve 8,90) ama ikisi de aralığın dışında.;;
D13;G2;Çıkarım;;yaz;kimlik;cikarim;Korkulukların metali hangi elementtir? Adını ya da sembolünü yaz.;Mıknatısa çekilen ve yoğunluğu 7,87 g/cm³ olan metal...;Metal demirdir (Fe). Pas analizi (K5) de bunu destekliyor: pas bir demir oksittir.;;kanitsiz
D13;G3;Hipotez;;tekli;kanit;hipotez;Deneyde (K4) tüp 1 ile tüp 3'ü karşılaştıran bir öğrenci hangi değişkenin etkisini sınayabilir?;İki tüp arasında yalnızca tek bir koşul farklı olmalı.;"Kontrollü bir deneyde karşılaştırılan iki düzenek arasında yalnızca tek bir değişken farklı olmalıdır. Tüp 1 ile tüp 3'te hava var; yalnızca birinde su var. Bu karşılaştırma suyun etkisini gösterir.";;
D13;G4;Kanıt;;tekli;kanit;cikarim;Tüp 2'nin sonucu (K4) belediyenin 'tek neden sudur' iddiası hakkında ne söyler?;Tüp 2'de su var mı? Hava var mı? Çivi paslandı mı?;"Tüp 2'de su var ama hava (oksijen) yok ve çivi paslanmadı. Tüp 1'de hava var ama su yok ve yine paslanma yok. Paslanma için su ve oksijen birlikte gerekir; belediyenin iddiası çürür.";;
D13;G5;Çıkarım;;tekli;kanit;cikarim;Tüp 3 ile tüp 4'ün karşılaştırması deniz kıyısındaki köprüler için ne öngörür?;İki tüp arasındaki tek fark nedir?;Tüp 3 ile 4 arasındaki tek fark tuzdur ve tuzlu sudaki çivi çok daha fazla paslandı. Kontrollü deneyler gerçek durumlar için öngörü yapmamızı sağlar: deniz kıyısındaki ya da kışın yollarına tuz dökülen köprüler daha hızlı paslanır.;;
D13;G6;Çıkarım;;tekli;ozellik_kullanim;cikarim;Demir kolay paslandığı hâlde neden hâlâ en çok kullanılan metaldir?;Demiri güçlendirmek ve paslanmaya karşı korumak mümkün mü?;"RSC'ye göre bugün arıtılan metalin %90'ı demirdir. Demir bol bulunur ve ucuzdur; karbonla ve başka metallerle karıştırılarak çok güçlü çelikler yapılır. En az %10,5 krom içeren paslanmaz çelik korozyona çok dayanıklıdır; boya ve kaplama da demiri korur.";;
D13;G7;Sonuç;;tekli;isim;gozlem;RSC kaydına (K6) göre hangisi doğrudur?;Kayıtta Anadolu'dan söz ediliyor.;RSC'ye göre demiri cevherinden ilk eritenler, MÖ 1500 civarında Anadolu'daki Hititlerdi ve bu yeni, daha güçlü metal onlara ekonomik ve siyasi güç verdi. Daha eski demir eşyalar ise göktaşı demirinden yapılmıştı.;;
D13;G8;Çıkarım;Karşı kanıt;tekli;alternatif;hipotez;"Belediye bu kez 'Tüp 1'de de hava var ve çivi paslanmadı; demek ki hava önemsiz' diyor. Bu çıkarımdaki hata nedir?";Tüp 1'de neyin eksik olduğuna bak.;"Tüp 1'de su yok. Paslanma için su ve oksijen birlikte gerekir; havanın tek başına yetmemesi, havanın önemsiz olduğunu göstermez. Tüp 2 de havanın gerekli olduğunu gösteriyor.";;
D14;G1;Çıkarım;;yaz;kimlik;cikarim;Analize (K1) ve saf hâlinin görünüşüne (K2) göre dezenfektanın etken elementi hangisi? Adını ya da sembolünü yaz.;17. grubun 3. periyottaki elementi...;"Element klordur (Cl): 17. grubun 3. periyottaki elementi; saf hâli sarı-yeşil, boğucu kokulu bir gaz. Yeni kanıtlar açıldı: havuz ölçümleri (K3) ve CDC notu (K4).";;veri
D14;G2;Veri;;tekli;kanit;veri;Tabloya (K3) göre hafta boyunca serbest dezenfektan miktarı nasıl değişti?;İkinci sütunu baştan sona oku.;"Serbest dezenfektan 1,8 mg/L'den 0,9 mg/L'ye düştü; yani hafta boyunca azaldı.";;
D14;G3;Veri;;tekli;kanit;veri;Göz yanması şikâyetleri tablodaki (K3) hangi değerlerle birlikte artıyor?;Şikâyet sütunuyla her sütunu ayrı ayrı karşılaştır.;"Şikâyetler kloramin ve yüzücü sayısıyla birlikte artıyor; serbest dezenfektan ise azalıyor.";;
D14;G4;Hipotez;;tekli;alternatif;hipotez;Yöneticinin 'çok fazla dezenfektan koymuşuz' hipotezi verilerle uyumlu mu?;Hipotez doğru olsaydı, şikâyetin en çok olduğu gün serbest dezenfektan nasıl olmalıydı?;Hipotez doğru olsaydı şikâyetler serbest dezenfektanla birlikte artardı. Oysa şikâyet en çokken serbest dezenfektan en azdı. Veriler, şikâyetlerin kloraminlerden kaynaklandığı hipoteziyle uyumlu.;;
D14;G5;Kanıt;;tekli;kanit;cikarim;Korelasyon nedensellik değildir. Şikâyetlerin yüzücü sayısıyla birlikte artması 'yüzücüler göz yanmasına neden oluyor' demek midir?;CDC notu (K4) kloraminlerin nasıl oluştuğunu söylüyor.;"Birlikte artmak doğrudan neden olmak değildir. CDC notuna göre yüzücülerin teri ve idrarı dezenfektanla birleşip kloramin oluşturuyor; yüzücü sayısı kloramin oluşumunu artırarak dolaylı bir etki yapıyor olabilir. Bunu doğrulamak için kontrollü bir deney gerekir.";;
D14;G6;Çıkarım;;tekli;ozellik_kullanim;cikarim;Bu verilere göre göz yanmasını azaltmak için en bilimsel öneri hangisi?;Kloraminlerin oluşmasını nasıl azaltabiliriz?;CDC'ye göre teri, kiri ve idrarı sudan uzak tutmak kloramin oluşumunu önler: yüzücüler girmeden önce duş almalıdır. Kapalı havuzlarda havalandırma, havaya karışan kloraminleri uzaklaştırır. Dezenfektan mikropları öldürdüğü için azaltılmamalı, önerilen aralıkta tutulmalıdır.;;
D14;G7;Sonuç;;tekli;isim;gozlem;Klor adını nereden alır? (K6);Saf gazın rengini hatırla.;"RSC'ye göre klor adı Yunanca 'sarımsı yeşil' anlamındaki 'chloros' kelimesinden gelir; saf gazın rengi nedeniyle. Klorofil de aynı Yunanca kökten (yeşil) adını alır, ama klor içermez.";;
D14;G8;Çıkarım;Gerekçe;tekli;gerekce;gerekce;Yöneticiye yazacağın kısa raporda en güçlü gerekçe hangisi?;Güçlü gerekçe hem verilere hem de güvenilir bir kaynağa dayanır.;Güçlü bir rapor ölçümlere ve güvenilir bir kaynağa dayanır, yöneticinin hipotezinin verilerle neden çeliştiğini açıkça gösterir.;;
D15;G1;Gözlem;;tekli;kanit;gozlem;'Radyoaktif madde içerir' etiketi tek başına neyi kanıtlar?;Etiket hangi elementin olduğunu ya da ne kadar tehlikeli olduğunu söylüyor mu?;"Etiket yalnızca kaynağın radyoaktif olduğunu söyler; hangi element olduğunu ya da ne kadar tehlikeli olduğunu söylemez. Bunlar için ölçüm ve analiz gerekir.";;
D15;G2;Veri;;tablo;kanit;veri;Analize (K2) göre aday olabilecek bütün elementleri periyodik tabloda işaretle.;7. periyodun f bloğu, tablonun altındaki ikinci satırdır: 89'dan 103'e.;7. periyodun f bloğunda 15 element var: aktinyumdan (89) lavrensiyuma (103) kadar. Bunlara aktinitler denir.;Ac Th Pa U Np Pu Am Cm Bk Cf Es Fm Md No Lr;veri
D15;G3;Veri;;tekli;kanit;veri;Teknik belgedeki yarı ömür (K3) ve tablo (K4) hangi elementi gösteriyor?;Tabloda yarı ömrü 432 yıl olan izotop hangisi?;Belgedeki 432 yıllık yarı ömür amerikyum-241'e ait. Belgede plütonyumun adı geçiyor, ama hammadde olarak: amerikyum, plütonyumun reaktörde nötronlarla bombardımanıyla üretilir.;;
D15;G4;Çıkarım;;yaz;kimlik;cikarim;Dedektördeki element hangisi? Adını ya da sembolünü yaz.;Yarı ömrü 432 yıl olan izotopun elementi...;"Element amerikyumdur (Am); dedektörde amerikyum-241 kullanılır.";;kanitsiz
D15;G5;Kanıt;;tekli;kanit;cikarim;Kâğıt deneyi (K1) ve EPA notu (K6) birlikte değerlendirildiğinde dedektörün tehlikesi hakkında ne söylenebilir?;Alfa parçacıkları ne kadar uzağa gidebiliyor?;"Alfa parçacıkları kâğıt gibi ince bir engelle bile durur. EPA'ya göre kaynak metal folyo ve seramikle kaplıdır; bu yüzden dedektör doğru kullanıldığında radyasyon riski oluşturmaz.";;
D15;G6;Çıkarım;;tekli;ozellik_kullanim;cikarim;Duman dedektöründe amerikyumun hangi özelliği işe yarar?;EPA notunu (K6) oku.;Amerikyumun yaydığı alfa parçacıkları havayı iyonlaştırır ve iki levha arasında küçük bir akım oluşur. Duman girince akım azalır ve alarm çalar.;;
D15;G7;Sonuç;;tekli;isim;gozlem;Amerikyumun adı nereden gelir? (K5);Element ilk kez nerede üretildi?;RSC'ye göre amerikyum, ilk kez üretildiği Amerika'nın adını taşır. Ekibin lideri Glenn Seaborg'un adı ise 106 numaralı element seaborgiyuma verildi.;;
D15;G8;Sonuç;Sonuç;tekli;gerekce;gerekce;Ev sahibine bilimsel yanıtın hangisi olmalı?;Yanıt hem elementin kimliğini hem de tehlikenin gerçek boyutunu kanıtlarla anlatmalı.;Güçlü bir yanıt kanıtlara dayanır: Dedektördeki kaynak uranyum ya da plütonyum değil, amerikyum-241. Alfa parçacıkları çok kısa mesafede durur ve kaynak kaplıdır. Dedektör doğru kullanıldığında güvenlidir ve hayat kurtarır.;;
D16;G1;Çıkarım;İddia;yaz;kimlik;cikarim;Kaplamadaki metal hangisi? Adını ya da sembolünü yaz.;Analiz raporundaki grup ve periyodu periyodik tabloda bul.;Metal indiyumdur (In): 13. grubun 5. periyottaki elementi. Erime noktası (156,6 °C) da indiyumla uyuşuyor. Silinmiş kelime 'indiyum'du: indiyum kalay oksit.;;kanitsiz
D16;G2;Kanıt;Kanıt;kanit;kanit;kanit;İddianı destekleyen ve diğer 13. grup metallerini eleyen kanıtları seç. Tek başına ayırt edici olmayan kanıtları seçme.;İki bağımsız kanıt: biri konum, biri ölçülen bir değer.;"Analiz raporu (K2) konumu, erime noktası ölçümü (K3) de tabloyla (K6) karşılaştırınca aynı metali gösteriyor: iki bağımsız kanıt aynı sonuca varıyor. Gümüşi ve yumuşak olmak (K4) birçok metalde görülür; keşif kaydı (K5) bu örnek hakkında bir ölçüm değildir.";K2 K3 (K6);kanitsiz
D16;G3;Sonuç;;yaz;sembol;cikarim;İndiyumun sembolünü yaz.;"Sembol iki harfli; ikinci harf küçük.";İndiyumun sembolü In'dir.;;veri
D16;G4;Sonuç;;yaz;isim;gozlem;Elementin adı, Richter'in gördüğü çizginin renginden gelir (K5). Bu renk neydi? Tek kelimeyle yaz.;Keşif kaydında rengin adı geçiyor.;"RSC'ye göre indiyum adını Latincede 'çivit, mor' anlamına gelen 'indicum' kelimesinden alır; çünkü spektrumunda parlak mor-çivit renkli bir çizgi vardır. İlginçtir ki onu ilk fark eden Reich renk körüydü.";çivit|çivit mavisi|çivit rengi|mor|menekşe|indigo|lacivert|mor-çivit;veri
D16;G5;Çıkarım;;kanit;ozellik_kullanim;kanit;Dokunmatik ekranlarda indiyum kalay oksidin kullanılmasını açıklayan özellikleri gösteren kanıtları seç.;Bir dokunmatik ekran kaplamasının hangi üç özelliği olmalı?;"RSC'ye göre indiyumun çoğu, dokunmatik ekranlar, düz ekran televizyonlar ve güneş panelleri için indiyum kalay oksit yapımında kullanılır; çünkü bu madde elektriği iletir, cama sıkıca yapışır ve saydamdır. Bu bilgiler üretici belgesinde (K1) var.";K1;iliski
D16;G6;Hipotez;Karşı kanıt;yaz;alternatif;hipotez;Galyum da 13. gruptadır ve erime noktası düşüktür. Galyum hipotezini eleyen bir kanıtın numarasını yaz (örnek: K4).;Galyum 4. periyotta ve 29,8 °C'de erir.;"Galyum iki kanıtla elenir: analiz raporu (K2) metalin 5. periyotta olduğunu söylüyor, galyum ise 4. periyotta; ölçülen erime noktası (K3) 156,6 °C, galyumunki ise 29,8 °C.";K2|K3;kanitsiz
D16;G7;Sonuç;Sonuç;savunma;gerekce;gerekce;"Jüriye savunmanı yaz: ""Kaplamadaki metalin … olduğunu düşünüyorum çünkü…"" İddianı, kanıtlarını, gerekçeni ve en güçlü alternatif hipotezi neden reddettiğini yaz.";;"Kaplamadaki metalin indiyum olduğunu düşünüyorum çünkü analiz raporu metalin 13. grupta ve 5. periyotta olduğunu gösteriyor; bu konumdaki tek element indiyum. Bağımsız bir kanıt da aynı sonucu veriyor: ölçülen erime noktası 156,6 °C ve tabloya göre bu indiyuma ait. En ciddi alternatif galyumdu, çünkü o da 13. grupta ve erime noktası düşük; ama galyum 4. periyotta ve 29,8 °C'de erir. Ekranda kullanılmasının nedeni, indiyum kalay oksidin saydam olması, elektriği iletmesi ve cama sıkıca yapışmasıdır.";;
D17;G1;Çıkarım;İddia;yaz;kimlik;cikarim;Protezin metali hangisi? Adını ya da sembolünü yaz.;Ölçülen yoğunluğu tablodaki değerlerle karşılaştır.;Metal titanyumdur (Ti): yoğunluğu (4,5 ± 0,1) tablodaki metallerden yalnızca titanyumla (4,506) uyuşuyor ve mıknatısa çekilmiyor.;;kanitsiz
D17;G2;Kanıt;Kanıt;kanit;kanit;kanit;İddianı destekleyen ve diğer adayları eleyen kanıtları seç.;Hangi ölçüm tablodaki tek bir metalle uyuşuyor?;Yoğunluk ölçümü (K1) tablodaki (K4) değerlerle karşılaştırılınca yalnızca titanyumu gösteriyor. Mıknatısa çekilmemesi (K2) demiri ve nikeli eler, korozyon testi (K3) de sonuçla uyumludur. RSC kaydı (K5) ve arşiv notu (K6) bu örnek üzerinde yapılmış ölçümler değildir.;K1 K4 (K2) (K3);kanitsiz
D17;G3;Çıkarım;;kanit;ozellik_kullanim;kanit;Titanyumun kalça protezinde kullanılmasını açıklayan özellikleri gösteren kanıtları seç.;Vücut sıvıları tuzludur. Protez kemiğe tutunmalı ve sağlam olmalı.;"Vücut sıvıları tuzludur; protezin korozyona dayanıklı olması gerekir (K3). RSC'ye göre titanyum kemikle iyi kaynaşır, çelik kadar güçlü ama çok daha hafiftir (K5). Sağlamlığı (K2) ve hafifliği (K1) de bu seçimi destekler.";K3 K5 (K1) (K2);iliski
D17;G4;Veri;;yaz;kanit;veri;Tablodaki (K4) yoğunluklara göre aynı boyuttaki bir demir parça, titanyum parçadan kaç kat ağırdır? Sonucu bir ondalık basamakla yaz (örnek: 2,3).;Demirin yoğunluğunu titanyumunkine böl.;7,87 ÷ 4,506 ≈ 1,75. Aynı boyuttaki bir demir parça titanyumdan yaklaşık 1,7 kat ağırdır. Bu hafiflik hem uçaklarda hem de vücutta taşınan protezlerde önemli bir avantajdır.;1,7|1.7|1,75|1.75|1,8|1.8;birim
D17;G5;Sonuç;;yaz;isim;gozlem;Titanyum adını Yunan mitolojisindeki hangi varlıklardan alır? (K6);Arşiv notunu oku.;RSC'ye göre titanyum adını Yunan mitolojisinde Toprak Ana'nın oğulları olan Titanlar'dan alır. Güçlü bir metale yakışan bir ad.;Titanlar|Titan|Titanlardan|Titanlar'dan;veri
D17;G6;Sonuç;Sonuç;savunma;gerekce;gerekce;Jüriye savunmanı yaz: protezdeki metalin ne olduğunu, bunu hangi kanıtlarla bildiğini ve neden protez için uygun olduğunu açıkla.;;"Protezdeki metalin titanyum olduğunu düşünüyorum çünkü ölçtüğümüz yoğunluk 4,5 ± 0,1 g/cm³ ve tablodaki metallerden yalnızca titanyum (4,506) bu aralıkta. Mıknatısa çekilmemesi demiri ve nikeli eliyor. Alüminyum da mıknatısa çekilmez ama yoğunluğu 2,70 g/cm³; ölçümümüzle uyuşmuyor. Titanyum protez için uygun, çünkü tuzlu suda bir ay bozulmadı (vücut sıvıları da tuzludur), kemikle iyi kaynaşır ve çelik kadar güçlü olduğu hâlde demirden yaklaşık 1,7 kat hafiftir.";;
D18;G1;Çıkarım;İddia;yaz;kimlik;cikarim;Kaşığın ana metali hangisi? Adını ya da sembolünü yaz.;Ölçülen yoğunluğa ve kararmanın biçimine bak.;Metal gümüştür (Ag): 11. grupta, yoğunluğu gümüşünkine çok yakın ve kükürtlü bileşiklerle siyahlaşıyor.;;kanitsiz
D18;G2;Sonuç;;yaz;sembol;cikarim;Gümüşün sembolünü yaz.;Sembol Latince bir kelimeden gelir.;"Gümüşün sembolü Ag'dir; Latince 'argentum' kelimesinden gelir.";;veri
D18;G3;Kanıt;Kanıt;kanit;kanit;kanit;Bakır ve altın hipotezlerini eleyen kanıtları seç.;Yoğunluk ölçümünü tabloyla karşılaştır.;Yoğunluk ölçümü (K2) tablodaki (K4) değerlerle karşılaştırılınca bakırı (8,96) ve altını (19,3) eler. Kararmanın siyah bir sülfürle olması (K3) da gümüşe uyar: altın kararmaz, bakır ise yeşil bir tabaka oluşturur. 11. grupta olmak (K1) üç metal için de geçerli olduğundan ayırt edici değildir.;K2 K4 (K3);kanitsiz
D18;G4;Veri;;yaz;kanit;veri;RSC kaydına (K6) göre sterling gümüşte gümüşün oranı yüzde kaçtır? Yalnızca sayıyı yaz.;Kayıtta bir yüzde değeri geçiyor.;"Sterling gümüş %92,5 gümüş içerir; geri kalanı çoğunlukla bakırdır. Bakır (8,96) gümüşten (10,5) daha az yoğun olduğu için, kaşığın yoğunluğu (10,4) saf gümüşünkinden biraz düşük çıkıyor.";92,5|92.5|%92,5|yüzde 92,5;veri
D18;G5;Çıkarım;;kanit;ozellik_kullanim;kanit;Kaşığın kararmasını açıklayan kanıtları seç.;Kararmanın kimyasal nedeni hangi kanıtta yazıyor?;RSC'ye göre gümüş, havadaki kükürtlü bileşiklerin yüzeyiyle tepkimeye girip siyah gümüş sülfür oluşturmasıyla yavaşça kararır (K3). Tablo (K4) da gümüşün bu davranışını gösteriyor.;K3 (K4);iliski
D18;G6;Sonuç;Sonuç;savunma;gerekce;gerekce;Jüriye savunmanı yaz: kaşıktaki metalin ne olduğunu, bunu hangi kanıtlarla bildiğini ve kaşığın neden karardığını açıkla.;;"Kaşıktaki metalin gümüş olduğunu düşünüyorum çünkü analiz metalin 11. grupta olduğunu gösteriyor ve bu gruptaki adaylar bakır, gümüş ve altın. Ölçtüğümüz yoğunluk 10,4 g/cm³; bakırın (8,96) ve altının (19,3) çok uzağında, gümüşünkine (10,5) ise çok yakın. Fark, kaşığın büyük olasılıkla %92,5 gümüş ve biraz bakır içeren sterling gümüş olmasından kaynaklanıyor. Kaşık karardı, çünkü gümüş havadaki kükürtlü bileşiklerle tepkimeye girip siyah bir sülfür oluşturur; altın kararmaz, bakır ise yeşil bir tabaka oluşturur.";;
D19;G1;Çıkarım;İddia;yaz;kimlik;cikarim;Telin metali hangisi? Adını ya da sembolünü yaz.;Tablodaki metallerden hangisi ancak 3400 °C'nin üzerinde erir?;Metal tungstendir (W): tablodaki metallerden yalnızca tungsten 3400 °C'nin üzerinde erir (3414 °C). Yoğunluğu da (19,3) ölçümle uyuşuyor.;;kanitsiz
D19;G2;Hipotez;Karşı kanıt;yaz;alternatif;hipotez;"Yoğunluğu da 19,3 g/cm³ olan değerli bir metal daha var; Sahte Altın dosyasını hatırla. Bu metalin adını yaz.";Kuyumcunun külçesi...;"Altının yoğunluğu da 19,3 g/cm³. Yoğunluk tek başına teli altından ayırmaz. Ama altın 1064 °C'de erir; ampul telinin sıcaklığında çoktan erirdi. Rengi de sarıdır, tel ise gümüşi beyaz.";Altın;veri
D19;G3;Kanıt;Kanıt;kanit;kanit;kanit;Teli altından ayıran kanıtları seç. Altınla ortak olan kanıtı seçme.;Hangi ölçüm altın için de aynı sonucu verirdi?;"Erime noktası (K1) ve gümüşi beyaz renk (K4) teli altından ayırır: altın 1064 °C'de erir ve sarıdır. Yoğunluk (K2) ise altınla aynı olduğu için ayırt edici değildir; bu dosyanın tuzağı buydu.";K1 K4 (K3);veri
D19;G4;Sonuç;;yaz;sembol;cikarim;Tungstenin sembolünü yaz.;Sembol, adın baş harfi değil.;"Tungstenin sembolü W'dir; elementin diğer adı olan 'wolfram'dan gelir.";;veri
D19;G5;Sonuç;;yaz;isim;gozlem;W sembolünün geldiği 'wolfram' adı, elementin elde edildiği bir mineralle ilgilidir. Bu mineralin adını yaz (K5).;Arşiv notunda mineralin adı geçiyor.;"Mineralin adı wolframittir. Sembol W, 'wolfram' adından gelir; 'tungsten' adı ise İsveççe 'ağır taş' anlamındadır. Aynı elementin iki adı olması, sembolünün İngilizce ve Türkçe adına benzememesinin nedenidir.";wolframit|volframit;veri
D19;G6;Çıkarım;;kanit;ozellik_kullanim;kanit;Ampul telinde tungsten kullanılmasını açıklayan özelliği gösteren kanıtı seç.;Akkor bir tel çalışırken hangi sıcaklığa dayanmalı?;"Akkor ampulün teli ışık verecek kadar ısınır; bu sıcaklıkta erimemesi gerekir. Tungsten bütün metaller içinde erime noktası en yüksek olanıdır (K1, K6).";K1 (K3) (K6);iliski
D19;G7;Sonuç;Sonuç;savunma;gerekce;gerekce;Jüriye savunmanı yaz: telin metalini, kanıtlarını, altın hipotezini neden reddettiğini ve sembolünün neden W olduğunu açıkla.;;"Ampul telinin tungsten olduğunu düşünüyorum çünkü tel ancak 3400 °C'nin üzerinde eriyor ve tablodaki metallerden yalnızca tungsten (3414 °C) bu koşulu sağlıyor; yoğunluğu da (19,3) tungstenle uyuşuyor. Yoğunluğu aynı olan altını eledim, çünkü altın 1064 °C'de erir ve sarıdır; tel ise gümüşi beyaz. Telde tungsten kullanılır, çünkü akkor hâlde erimeden dayanabilir. Sembolü W'dir, çünkü elementin diğer adı wolframdır; bu ad wolframit mineralinden gelir.";;
D20;G1;Gözlem;;tablo;kanit;veri;Defter notlarına (K1, K2) göre bu madde hangi gruptaki metallerden olabilir? O gruptaki bütün metalleri periyodik tabloda işaretle.;Bıçakla kesilebilen, havada hemen matlaşan, suyla şiddetle tepkimeye giren ve bu yüzden yağda saklanan metaller...;Bu özellikler alkali metallerin (1. grup) özellikleridir: lityum, sodyum, potasyum, rubidyum, sezyum ve fransiyum. Hidrojen 1. grupta gösterilir ama metal değildir.;Li Na K Rb Cs Fr;veri
D20;G2;Çıkarım;İddia;yaz;kimlik;cikarim;Element hangisi? Adını ya da sembolünü yaz.;Alev rengini ve yoğunluğu tabloyla karşılaştır.;Element sodyumdur (Na): alevi sarı-turuncu boyuyor ve yoğunluğu (0,97 ± 0,02) tablodaki alkali metallerden yalnızca sodyumla uyuşuyor.;;kanitsiz
D20;G3;Kanıt;Kanıt;kanit;kanit;kanit;İddianı destekleyen ve diğer alkali metalleri eleyen kanıtları seç.;Hangi iki kanıt adayları tek bir metale indiriyor?;"Alev testi (K3) ve yoğunluk (K4), tabloyla (K5) karşılaştırılınca bağımsız olarak aynı metali gösteriyor. Görünüş (K1) ve suyla deney (K2) adayları alkali metallere indirir; ama hangisi olduğunu söylemez.";K3 K4 (K5) (K1) (K2);kanitsiz
D20;G4;Hipotez;Karşı kanıt;yaz;alternatif;hipotez;En ciddi rakip hipotez hangi elementti? Adını yaz.;Yoğunluğu ölçüme en yakın olan diğer alkali metal hangisi?;"En ciddi rakip potasyumdu: yoğunluğu (0,89) ölçüme en yakın diğer alkali metal ve o da suyla şiddetle tepkimeye girer. Ama alevi leylak rengidir; yoğunluğu da ölçüm aralığının (0,95–0,99) dışında kalır.";Potasyum;veri
D20;G5;Kanıt;Karşı kanıt;yaz;kanit;kanit;Potasyum hipotezini eleyen bir kanıtın numarasını yaz (örnek: K1).;Potasyumun alevi hangi renktir? Yoğunluğu kaçtır?;"Potasyum iki kanıtla elenir: alev testi (K3), çünkü potasyumun alevi leylak rengidir; yoğunluk (K4), çünkü potasyumun yoğunluğu (0,89) ölçüm aralığının dışındadır.";K3|K4;kanitsiz
D20;G6;Sonuç;;yaz;sembol;cikarim;Elementin sembolünü yaz.;Sembol, elementin Latince adından gelir.;Sodyumun sembolü Na'dır.;;veri
D20;G7;Sonuç;;yaz;isim;gozlem;Sembolün geldiği Latince adı yaz (K6).;Arşiv notunda Latince ad geçiyor.;"Sembol Na, Latince 'natrium' adından gelir; bu ad eski Mısır'daki Natron Vadisi'nden çıkarılan sodaya dayanır.";natrium;veri
D20;G8;Çıkarım;;kanit;ozellik_kullanim;kanit;Elementin gazyağı içinde saklanmasını açıklayan kanıtları seç.;Element hava ve suyla karşılaşınca ne oluyor?;Sodyum havayla karşılaşınca saniyeler içinde matlaşır (K1) ve suyla şiddetle tepkimeye girer (K2). Gazyağı metali hava ve nemden yalıtır.;K1 K2;iliski
D20;G9;Sonuç;Sonuç;savunma;gerekce;gerekce;"Bilimsel jüriye final savunmanı yaz: ""Elementin … olduğunu düşünüyorum çünkü…"" İddianı, kanıtlarını, gerekçeni, rakip hipotezleri neden reddettiğini, günlük kullanımını ve sembolünün hikâyesini anlat.";;"Elementin sodyum olduğunu düşünüyorum çünkü defterdeki gözlemler alkali metalleri gösteriyor: bıçakla kesiliyor, havada hemen matlaşıyor, suyla şiddetle tepkimeye girip gaz çıkarıyor ve suyu bazik yapıyor. Alkali metaller arasında iki bağımsız kanıt aynı sonucu veriyor: alev sarı-turuncu ve yoğunluk 0,97 ± 0,02 g/cm³; tabloya göre ikisi de sodyuma ait. En ciddi rakip potasyumdu, çünkü yoğunluğu ölçüme en yakın ve o da suyla şiddetle tepkimeye girer; ama alevi leylaktır ve yoğunluğu 0,89 g/cm³'tür. Sodyum, hava ve sudan korumak için gazyağında saklanır. Bileşikleri günlük hayatta her yerdedir: sofra tuzu sodyum klorürdür. Sembolü Na, Latince 'natrium' adından gelir.";;
